seed,method,latent_dim,epochs_run,native_ari_a,native_ari_b,native_ari_c,posthoc_ari_at_k4,posthoc_ari_relational_at_k4,posthoc_ari_scale_at_k4,posthoc_best_k_by_silhouette,posthoc_ari_at_silhouette_best_k
1000,dec,10,10,0.9702447548727119,1.2679163941111564e-05,-2.2566082572594433e-05,0.9702451478810911,1.6378508661961694e-05,-2.426245470565856e-05,4,0.9702451478810911
1000,idec,10,11,0.9686056400495565,1.4526239175249885e-05,-1.9586370926271318e-05,0.9692597014442164,1.4794932177414694e-05,-2.2101057759712653e-05,4,0.9692597014442164
1001,dec,10,30,0.22985384940648312,0.026389444085119076,-0.0002780065273884395,0.22989853501375582,0.026484549304044105,-0.00027170018889425515,4,0.22989853501375582
1001,idec,10,60,0.24659052780454485,-0.0033999692400540063,-0.00023566265258175476,0.24206153986175102,-0.0008046855867107563,0.0003313205459766655,4,0.24206153986175102
1002,dec,10,25,0.20328318797620862,0.018313642135346433,0.0002496039903037895,0.20328318797620862,0.018313642135346433,0.0002496039903037895,4,0.20328318797620862
1002,idec,10,60,0.2005251795138829,0.005661023900344809,-0.00012171536392279852,0.20222396266275006,0.006104292974730588,-0.00018400374968055786,4,0.20222396266275006
1003,dec,10,21,0.5716232936423836,0.00022641463588118257,-9.956067936714156e-06,0.5715455650860009,0.0002237947952612545,-9.899802457911034e-06,4,0.5715455650860009
1003,idec,10,32,0.6507040391721086,0.00042817018524768613,-0.00013356247561952146,0.6506831259164895,0.0003600376986699249,-9.786387333175887e-05,4,0.6506831259164895
1004,dec,10,27,0.2657366297494121,0.009656160021349454,-0.0003724292023859021,0.26575421841735597,0.009687661148716949,-0.0003713181728807079,4,0.26575421841735597
1004,idec,10,48,0.30187010392684077,0.013615231464416861,-0.0003853836346804912,0.30463841186100254,0.014967415531298702,-0.0005574787275588926,4,0.30463841186100254
1005,dec,10,23,0.5456382352319059,0.002594824491595063,0.0002616948260319015,0.5455161037314306,0.0026151271498605824,0.0002601698815183319,4,0.5455161037314306
1005,idec,10,42,0.6433901283142054,5.423862185863799e-05,-9.823433018714554e-06,0.6435943786729095,0.00013826161840720577,-5.712880531715235e-07,4,0.6435943786729095
1006,dec,10,25,0.4820110672027059,0.022810190150953272,2.4534004039770037e-05,0.4816316273138768,0.02270295485349508,1.9569902258787413e-05,4,0.4816316273138768
1006,idec,10,36,0.6873401831533629,0.004207553376647446,-0.00023091797953847025,0.6923926888587058,0.006027569181510472,-0.00033958829861466223,4,0.6923926888587058
1007,dec,10,26,0.18358957541312573,0.0024819711805005437,6.053940365965329e-05,0.1836147487272761,0.002508763479535372,5.885718793210758e-05,4,0.1836147487272761
1007,idec,10,57,0.23072043309668028,0.0036663654824390314,-0.00021182616987469813,0.2320345080494032,0.004428213643395536,-0.00013512640639631738,4,0.2320345080494032
1008,dec,10,26,0.16379897930334802,0.009983924050074217,-2.812973775201368e-05,0.16402336060791667,0.010071135443666964,-2.2436009450535156e-05,4,0.16402336060791667
1008,idec,10,55,0.14898035830604964,0.0025948337043840393,-9.462815238039735e-05,0.15212223681511158,0.0035501200672907207,-0.00015171675381748533,4,0.15212223681511158
1009,dec,10,33,0.03097434438991829,0.013727635320464948,0.00016169780457881775,0.03099337688558858,0.01379817888354321,0.00016786394992730666,4,0.03099337688558858
1009,idec,10,60,0.03678244991699707,0.0037773661561496595,-0.0003286352268265055,0.036772119947486935,0.004431868332685003,-0.00026205167975353413,4,0.036772119947486935
1010,dec,10,22,0.506282117384594,0.025834920415399233,-0.00010646553528689599,0.506900664105509,0.026076258652597842,-0.00017676234909167791,4,0.506900664105509
1010,idec,10,45,0.6290288898141752,0.003241307399579585,-6.177658172532442e-05,0.6292480156600258,0.004086648860431242,-5.289258200318562e-05,4,0.6292480156600258
1011,dec,10,24,0.6039114136821263,0.00028116803971472195,0.00010192063281412456,0.6038946907811228,0.00030019095451671056,0.00010382434562083828,4,0.6038946907811228
1011,idec,10,29,0.6899731733548342,0.00020744521592397014,4.387919091095917e-05,0.6895836229748508,4.88796588232622e-05,2.9478957088460037e-06,3,0.6917811660643652
1012,dec,10,17,0.5630288851499624,0.002385253857822226,-4.953981656903221e-05,0.5630288851499624,0.002385253857822226,-4.953981656903221e-05,4,0.5630288851499624
1012,idec,10,43,0.6416145040740742,-3.9577400187822796e-07,-5.373621161937245e-05,0.6415811821951893,-2.1312070638915072e-05,-6.605825225633034e-05,4,0.6415811821951893
1013,dec,10,24,0.49324622268007945,0.017067071830408526,-3.5084788584773495e-05,0.4941476086570051,0.017313411649460153,-0.00014417842284987362,4,0.4941476086570051
1013,idec,10,45,0.6164163319591154,0.0057703940223792225,5.6259426651634396e-05,0.6213001107147381,0.007827657503008886,0.00010856684626535323,4,0.6213001107147381
1014,dec,10,24,0.19957033034130364,0.011837478565405662,-7.965306360443237e-05,0.19957033034130364,0.011837478565405662,-7.965306360443237e-05,4,0.19957033034130364
1014,idec,10,47,0.234438345004279,0.01093622768341964,-0.0006969597564435011,0.23465792332461066,0.011248144315690795,-0.000697248477594551,4,0.23465792332461066
1015,dec,10,27,0.5091341696381183,0.02476425693987047,-4.341691174397591e-05,0.5092710884154183,0.024779162873051694,-3.968255302998865e-05,4,0.5092710884154183
1015,idec,10,50,0.6020861525910131,0.0028536218485793585,2.3723862764126627e-05,0.6051579150904073,0.0036532331076836954,-7.284166227512544e-05,4,0.6051579150904073
1016,dec,10,26,0.31169926141007664,0.0012484619856316906,6.38666703753651e-05,0.31169926141007664,0.0012484619856316906,6.38666703753651e-05,4,0.31169926141007664
1016,idec,10,53,0.5279489620025458,0.0002730478947939998,-0.00010762585898908951,0.529403629512932,0.00025911731491058796,-8.125079810865433e-05,4,0.529403629512932
1017,dec,10,25,0.1882756359542842,0.007880535045071703,-4.652035087860717e-05,0.1882756359542842,0.007880535045071703,-4.652035087860717e-05,4,0.1882756359542842
1017,idec,10,33,0.21595546548391997,0.007800017251960307,-0.00027889536926903536,0.21754868774841746,0.008340506789218381,-0.00030205721128266346,4,0.21754868774841746
1018,dec,10,26,0.525241298629924,0.014665390636729055,0.0004329102850089613,0.5252453793685052,0.014707475882423111,0.0004362265701805302,4,0.5252453793685052
1018,idec,10,49,0.5803975705983765,0.00041576518294075544,-3.979544103514895e-05,0.5834404043694216,0.0011987369955144447,-1.8947500554909452e-05,4,0.5834404043694216
1019,dec,10,26,0.20420763657182897,0.011645182553728022,-0.00029812936119920813,0.20420329288045447,0.011639113586800528,-0.0002995509694853316,4,0.20420329288045447
1019,idec,10,60,0.27361504943991527,0.0030933259641694306,-0.0005406839918191795,0.27497133920975136,0.00351043871658426,-0.0006184578037889362,4,0.27497133920975136
1020,dec,10,27,0.5104548504551557,0.019823542103399126,0.00036906524847392456,0.5104548504551557,0.019823542103399126,0.00036906524847392456,4,0.5104548504551557
1020,idec,10,38,0.5710260755100725,0.008244155805848898,0.00014401600937032113,0.5787089105161826,0.010810920734076091,0.0004009373900166865,4,0.5787089105161826
1021,dec,10,29,0.1843599555189913,0.014028238796623868,0.00017560469250996297,0.18450065756017647,0.014084332162296116,0.00018318990812818295,4,0.18450065756017647
1021,idec,10,60,0.1909209924285433,0.011554394477024207,0.00010780473143737486,0.1939876240243326,0.012713160687686447,5.432950998568465e-05,4,0.1939876240243326
1022,dec,10,28,0.461588678459596,0.01892987060667607,-0.0005416079634950892,0.461588678459596,0.01892987060667607,-0.0005416079634950892,4,0.461588678459596
1022,idec,10,47,0.5599177032687263,0.00446408058045541,-5.999108534612552e-06,0.5663170640761753,0.006075013003513286,-2.2990730132955874e-05,4,0.5663170640761753
1023,dec,10,25,0.6001171057736983,0.0034830022915173656,0.00017974240825973964,0.5998128969828909,0.003499258153741788,0.0001804660401430101,4,0.5998128969828909
1023,idec,10,32,0.7140478433883116,-0.00022176823161227331,6.088669950460066e-05,0.7140718127961916,-0.00016678725044228643,0.00011041256504195219,4,0.7140718127961916
1024,dec,10,32,0.18698053996380967,0.01559508705056304,5.5219274655226704e-05,0.18702471046706692,0.01563062646870695,5.651651781123944e-05,4,0.18702471046706692
1024,idec,10,60,0.2242169459609054,0.015046209829814368,-0.00014310737378346909,0.2254926199522727,0.0153956261086887,-0.000236519574014368,4,0.2254926199522727
1025,dec,10,30,0.19583429804819896,0.016558609117956497,-0.00016740181739635486,0.1959399403043425,0.016596893921252454,-0.0001675291544304379,4,0.1959399403043425
1025,idec,10,59,0.20755860271569213,0.012422047954134048,3.5302240500282963e-06,0.20815317456166613,0.012714170583032779,1.0280381925484643e-05,4,0.20815317456166613
1026,dec,10,18,0.639508032859006,0.00013046298951693416,-2.962866813802278e-05,0.6395782990410874,0.0001348486159616966,-2.8791590076346857e-05,4,0.6395782990410874
1026,idec,10,31,0.717350490519288,0.00018892869298923394,-9.084218558356265e-05,0.7169405394588938,0.0001712299803565184,-7.889704334178113e-05,4,0.7169405394588938
1027,dec,10,32,0.1752900502300083,0.023508856820037585,-0.00010911026395997907,0.17572616608967892,0.023680047757977257,-0.00011191822496327492,4,0.17572616608967892
1027,idec,10,39,0.14811457810276574,0.0012587301039582658,0.00024094053272522592,0.1662760205730572,0.008235824834082788,7.919695444280188e-05,4,0.1662760205730572
1028,dec,10,26,0.19390540566762451,0.005666288596947112,-0.0002002439976813059,0.19390540566762451,0.005666288596947112,-0.0002002439976813059,4,0.19390540566762451
1028,idec,10,51,0.23212980740750197,0.007297804914688393,-0.0006014434983129518,0.2337158177911869,0.007778936633110403,-0.000627807950443357,4,0.2337158177911869
1029,dec,10,24,0.20724270275693188,0.02441667022488458,0.00023093540557527227,0.20732164360469915,0.02446272589776762,0.00023340166052397958,4,0.20732164360469915
1029,idec,10,48,0.22221289842203976,0.025303083062028102,-0.0006400106750263001,0.22859235292728308,0.027792832085873048,-0.0007647831455323146,4,0.22859235292728308
1030,dec,10,23,0.2007266418015111,0.0027538620173668425,8.445090162945779e-05,0.20073052965910373,0.002727766435879366,8.23439689456759e-05,4,0.20073052965910373
1030,idec,10,58,0.2678743520858605,0.005698016256893609,-0.0003240598180381806,0.2689333324349812,0.00592645928103553,-0.0003250642526622698,4,0.2689333324349812
1031,dec,10,22,0.642622953096117,0.002784736458425445,-3.7305459631489405e-07,0.6424094278484092,0.002827739033246118,-1.2770877308784644e-06,4,0.6424094278484092
1031,idec,10,38,0.9532992254669657,-4.493348715972967e-05,-3.3783900421350075e-05,0.9536216272655896,-4.7761060990551096e-05,-3.230349484597012e-05,4,0.9536216272655896
1032,dec,10,24,0.5869772373019014,0.001536747606093412,0.000169690304716249,0.5868884816418382,0.0016343515674727568,0.00018543666532203017,4,0.5868884816418382
1032,idec,10,28,0.6424501854911845,-8.749990517665845e-05,7.246989783464075e-05,0.6432588449695166,-0.00014571580095239898,0.0001430557781585424,4,0.6432588449695166
1033,dec,10,25,0.18579149757193406,0.015775190369546686,0.0004442111557759349,0.1857248173569553,0.015738106884174964,0.00044241552899568513,4,0.1857248173569553
1033,idec,10,60,0.20056903320812947,0.01179301758992814,0.00018592853854369542,0.20176321348617088,0.012137299313596864,0.0001730176921831721,4,0.20176321348617088
1034,dec,10,25,0.19736906978609015,0.019445674911924782,0.000580857807402063,0.19706639937034293,0.019431702127334128,0.0006025010956821547,4,0.19706639937034293
1034,idec,10,60,0.2061036078437513,0.01271984624408838,6.604781302220562e-05,0.2066568807633746,0.012906429673093899,4.0823773759575555e-05,4,0.2066568807633746
1035,dec,10,21,0.6404610142157257,0.00029547779434931765,0.00013846476853102065,0.6404055428556207,0.0002940314136907242,0.00014099138980657434,4,0.6404055428556207
1035,idec,10,34,0.6608405739597746,0.00022506462429619227,-8.287423603267606e-05,0.6615253542596813,0.00022890700788453423,-0.00010147346166048696,4,0.6615253542596813
1036,dec,10,27,0.2383601329968238,0.022983441499628318,-0.0004798308833593546,0.2383601329968238,0.022983441499628318,-0.0004798308833593546,4,0.2383601329968238
1036,idec,10,53,0.28338558491390836,0.005778235925650891,-9.307136080739257e-05,0.2861278105173294,0.006822240766226656,-7.958526613253064e-05,4,0.2861278105173294
1037,dec,10,23,0.4573417389133721,0.01616232716571388,-0.0003559446066040877,0.4577428462661043,0.016208618351798036,-0.0003538228672380118,4,0.4577428462661043
1037,idec,10,48,0.6089776256174046,0.005056503579254971,-0.00027548597023792164,0.6115187040013137,0.005989306964395126,-0.00024615163187458305,4,0.6115187040013137
1038,dec,10,26,0.5084758580771168,0.022674354699337217,-0.0011742008749540188,0.5086281122172236,0.022679901813738416,-0.0011736902395272485,4,0.5086281122172236
1038,idec,10,53,0.5903842831123024,0.007144319177739698,-0.00027047477811413984,0.5931781924139656,0.00837356026670624,-0.00037590785704485786,4,0.5931781924139656
1039,dec,10,22,0.5890702565658585,0.00349332216860351,0.0004003811003149883,0.5890580497999469,0.003513247190163753,0.0004031125907528995,4,0.5890580497999469
1039,idec,10,42,0.6620304585927408,4.3267203040167e-05,3.220694089253833e-05,0.6620581385263661,6.683131623391192e-05,5.537558561041493e-05,4,0.6620581385263661
1040,dec,10,23,0.5270379147424068,0.0056875730156400435,-0.00037368253844008323,0.5273129728834518,0.005775018617450359,-0.0003755986276511584,4,0.5273129728834518
1040,idec,10,50,0.6396055962537799,0.00023991610417105667,-3.329554300243508e-05,0.6392390525517911,0.0005367993068089018,-2.6596661257064446e-05,4,0.6392390525517911
1041,dec,10,30,0.1914402221480093,0.0232080544339204,-0.0003890938682615923,0.1914402221480093,0.0232080544339204,-0.0003890938682615923,4,0.1914402221480093
1041,idec,10,52,0.19645342989042447,0.013862789506179144,-0.0007685230327854013,0.20201930195572945,0.015952837016767852,-0.0009548961552277478,4,0.20201930195572945
1042,dec,10,25,0.5302103723141263,-0.0004957260002943027,0.00026340058309057084,0.5304904689487443,-0.0004681870724543435,0.0002630620262735591,4,0.5304904689487443
1042,idec,10,36,0.642301778366125,3.237389827801273e-05,-8.280399413111827e-05,0.6425356355570261,4.1293926222645304e-06,-4.4090572355057954e-05,4,0.6425356355570261
1043,dec,10,24,0.5058586669984816,0.022145423178594238,-0.0006836859130489757,0.505874816220916,0.022233578591266786,-0.000680033545018508,4,0.505874816220916
1043,idec,10,40,0.584378459340991,0.014751523817212172,0.00029637469073575366,0.5917519809372789,0.019446314303024237,0.0004556126939870106,4,0.5917519809372789
1044,dec,10,27,0.5237528340146299,0.022988147996516498,0.0001316377171049313,0.5236387136638976,0.023024053547071897,0.00013373823273632484,4,0.5236387136638976
1044,idec,10,50,0.5796625499434509,0.007255450783574563,-9.143817021959681e-05,0.5821783848689834,0.008546534859045331,-4.4797387165283284e-05,4,0.5821783848689834
1045,dec,10,24,0.3771321430854974,0.001873694754428872,-5.21174492256011e-05,0.37721953150841986,0.001873056722238401,-5.280682486606996e-05,4,0.37721953150841986
1045,idec,10,56,0.49968874470430874,-4.1153539782734505e-05,-0.00016687732436096325,0.5005653105585028,-3.641123377042017e-05,-0.00016179305344994006,4,0.5005653105585028
1046,dec,10,26,0.19695321881254774,0.02223157699176373,-0.00042675141025069676,0.19741716692692032,0.02231473875563342,-0.0004226084172458534,4,0.19741716692692032
1046,idec,10,60,0.21250136755459414,0.013620970717502212,-0.0002842568597857857,0.21561617696061294,0.014721229695268285,-0.0003077937232588272,4,0.21561617696061294
1047,dec,10,7,0.9614205553076122,-1.2369560689956196e-05,4.8937874250631955e-06,0.961093054652335,-1.8277968690921383e-05,3.1239058321485474e-06,4,0.961093054652335
1047,idec,10,9,0.9623908315960341,-2.053767778278441e-05,1.2879774248974102e-05,0.9623913035546412,-1.4892728331124184e-05,1.0123365971895029e-05,4,0.9623913035546412
1048,dec,10,17,0.6186501381999069,0.0004614094963573373,5.414035863984347e-05,0.6186824901317207,0.000452728166374399,5.353500113514729e-05,4,0.6186824901317207
1048,idec,10,27,0.6442765197518483,0.00016184738670952292,-6.052317184430783e-05,0.644312756251026,0.00016671572433125996,-5.946665305854894e-05,4,0.644312756251026
1049,dec,10,27,0.1834550657346102,0.024010927788736373,0.0001188858354836644,0.18354925682145928,0.024054079321412368,0.00012097261554152569,4,0.18354925682145928
1049,idec,10,60,0.17567062234270175,0.006628282336724806,-1.0679284452219058e-06,0.17722988810420626,0.007060857183920303,-3.7348235256084296e-06,4,0.17722988810420626
1050,dec,10,28,0.5132530908786406,0.02666002514822095,0.00045194461317626765,0.5135110435586211,0.026754284207729885,0.0003627831869896427,4,0.5135110435586211
1050,idec,10,46,0.6011938946470339,0.0008616430244396991,-4.5262388963600316e-05,0.6044403437024841,0.0027182713618300494,1.5727983460377605e-05,4,0.6044403437024841
1051,dec,10,28,0.1827697873905115,0.0209047567224022,0.0001585325652753099,0.18280903232238657,0.020935496317678763,0.0001639789988679105,4,0.18280903232238657
1051,idec,10,53,0.16257071600740652,0.00034086984182469447,0.0004978916910608737,0.16719964648042238,0.0018620144410564391,0.00040910240703477763,4,0.16719964648042238
1052,dec,10,26,0.1967830272625977,0.018249371304093237,0.0006425977344334322,0.1967830272625977,0.018249371304093237,0.0006425977344334322,4,0.1967830272625977
1052,idec,10,60,0.20076086756049022,0.012425933217481028,0.0005067350410927342,0.2021351748547214,0.013094172630105053,0.0005417914989296504,4,0.2021351748547214
1053,dec,10,25,0.5651696624476197,0.003351723746525055,-0.00012134172660601365,0.5654527824298551,0.003372228709724921,-0.0001220931037065031,4,0.5654527824298551
1053,idec,10,41,0.6638703622558852,0.00011158753807358867,-5.3466415265118915e-05,0.6643347018050975,5.320181281826533e-05,-3.8192472128035895e-05,4,0.6643347018050975
1054,dec,10,27,0.21776326402686244,0.009558101417085269,-0.0003673136910098534,0.21793586762676856,0.009555268791097646,-0.00036713452721305937,4,0.21793586762676856
1054,idec,10,53,0.25714212928397223,0.008981550762769804,-0.00046792907441126015,0.25837258180682054,0.009647085504996747,-0.0004973173027103064,4,0.25837258180682054
1055,dec,10,25,0.49483329385623254,0.01784012864866544,0.00016769476908348765,0.49503643801544345,0.017901824920712735,0.00017405539698892562,4,0.49503643801544345
1055,idec,10,56,0.5923887515219739,0.006856745464285356,0.00010313243756460343,0.5937361398573326,0.007578144614279717,8.908500703106282e-05,4,0.5937361398573326
1056,dec,10,29,0.21107504072177397,0.007896170690689007,8.422379865367382e-05,0.21100697324849912,0.007904135879510782,8.347415328941245e-05,4,0.21100697324849912
1056,idec,10,50,0.2635208695131783,0.0010019540350951904,0.0003442778152194673,0.26469945383946714,0.0015618989026489644,0.0003541283468858511,4,0.26469945383946714
1057,dec,10,22,0.5769319198961043,0.006120322363973943,-0.0003733634089159618,0.5767277957247219,0.006093782458582468,-0.00037404004806570296,4,0.5767277957247219
1057,idec,10,41,0.6468334869757285,-2.850901253859033e-05,8.174284077823797e-05,0.6472974788437817,-3.5150674736385444e-05,6.03872755114422e-05,4,0.6472974788437817
1058,dec,10,23,0.1831368570853232,0.013353074564673951,6.1218849531507004e-06,0.18348297275036649,0.0135325064584639,1.2953868204310123e-05,4,0.18348297275036649
1058,idec,10,60,0.2196224454337471,0.007024135569383751,-0.00038727383032967,0.22127930051940822,0.00758077045665377,-0.00036365547356686335,4,0.22127930051940822
1059,dec,10,13,0.9300529468900158,-0.00020575098823795272,-1.627887853529072e-05,0.9294176408573777,-0.00021404162648912598,-1.691618548262751e-05,4,0.9294176408573777
1059,idec,10,15,0.9562105284762178,-2.5501840350551395e-05,-5.69846474064112e-06,0.9601175723088616,-2.344758921561506e-05,-5.345583377596911e-07,4,0.9601175723088616
1060,dec,10,28,0.22285341889504234,0.01722750694081372,-0.0001671470270592228,0.2226935920034922,0.01726852275729408,-0.0001659688853616873,4,0.2226935920034922
1060,idec,10,60,0.26584545626968276,0.010587750163347807,0.00020358659966845583,0.26676189101673564,0.01106565949425542,0.00020785899002346116,4,0.26676189101673564
1061,dec,10,26,0.17116133424928243,0.0028609694227263085,0.0002424965272269549,0.17127290285186308,0.002880030038690681,0.0002390233339752887,4,0.17127290285186308
1061,idec,10,60,0.1865382168594025,-0.0013991326492493264,0.00042589108557656484,0.18779788083968746,-0.0012313795507400706,0.00037572316889535116,4,0.18779788083968746
1062,dec,10,27,0.21089521762134128,0.010933814754164523,0.0003216812796249849,0.21089521762134128,0.010933814754164523,0.0003216812796249849,4,0.21089521762134128
1062,idec,10,60,0.2591638855355159,0.002677455061120029,-0.0011139629056453992,0.26061250301870303,0.0029962727764995725,-0.0010755764211955459,4,0.26061250301870303
1063,dec,10,30,0.07230638588086276,0.01754706748406144,-0.0002581892072530571,0.07235625598540144,0.017603241866224015,-0.0002590165050945218,4,0.07235625598540144
1063,idec,10,60,0.08222710040411747,-0.0025087177491869657,-0.00022842254994105365,0.08249288218800077,-0.00023433321294555288,-0.00016688733297465612,4,0.08249288218800077
1064,dec,10,24,0.4966194293830223,0.018931127346085364,0.0004134053777490543,0.4966194293830223,0.018931127346085364,0.0004134053777490543,4,0.4966194293830223
1064,idec,10,46,0.5935828692482948,0.0032255527546400354,0.00026143256603031537,0.5975862896853118,0.004582432775890343,0.00021712491572868292,4,0.5975862896853118
1065,dec,10,20,0.6426218333768711,-4.252158089995013e-05,-4.608714958668006e-05,0.6427029064334219,-4.329051572417655e-05,-4.66676893363764e-05,4,0.6427029064334219
1065,idec,10,34,0.6855033013528081,0.00024122588287562232,5.9610782667369866e-06,0.6858460340859802,0.00021899974814016903,7.195207406573478e-06,4,0.6858460340859802
1066,dec,10,24,0.5173713842221929,0.013938724556592116,0.00013845498229582938,0.5172714268252788,0.013976589828495693,0.00013860443117640802,4,0.5172714268252788
1066,idec,10,41,0.5824262900357072,0.003751986110308445,8.159178073705144e-05,0.5862144241817023,0.004980374937989075,-4.4411328332676116e-05,4,0.5862144241817023
1067,dec,10,25,0.2042412806379606,0.021536501729077163,0.0002257303585769125,0.20426302636517307,0.021546626124785844,0.00021993043097863667,4,0.20426302636517307
1067,idec,10,48,0.22199867099424905,0.010920412215365952,0.0007479573471006811,0.2247929525505381,0.01227133085360004,0.0007900852717975532,4,0.2247929525505381
1068,dec,10,16,0.611838641633603,0.0005489258060498648,6.662104124167048e-06,0.611838641633603,0.0005489258060498648,6.662104124167048e-06,4,0.611838641633603
1068,idec,10,22,0.6297354498694652,0.0002084231352629821,-5.358613292307209e-07,0.6310982459354855,0.00018284531108207463,-3.3032654947677586e-05,4,0.6310982459354855
1069,dec,10,33,0.029136241207349287,0.016702878368281816,0.0004345892408692691,0.029136241207349287,0.016702878368281816,0.0004345892408692691,4,0.029136241207349287
1069,idec,10,60,0.06342158354879757,-0.0070642551202332975,-0.0014824718693047523,0.06244227762392998,-0.006523557754451234,-0.0013950592786155468,4,0.06244227762392998
1070,dec,10,26,0.20164932192187948,0.014341707070691505,0.0002200466113870261,0.20164932192187948,0.014341707070691505,0.0002200466113870261,4,0.20164932192187948
1070,idec,10,60,0.21104779214963493,0.010754787480364578,-0.00018440065500656554,0.21274567704334058,0.011435882286897361,-0.00024988736937680536,4,0.21274567704334058
1071,dec,10,31,0.2417420710449252,0.01778698746203376,-0.0002610165257280911,0.2417420710449252,0.01778698746203376,-0.0002610165257280911,4,0.2417420710449252
1071,idec,10,60,0.3489011415312432,0.0035397015946233407,0.00026191953638500813,0.34897109277220556,0.003944835573021802,0.00033926431393165295,4,0.34897109277220556
1072,dec,10,21,0.4922048796440349,0.0013318881563418683,0.00016364421589383136,0.4924755882272122,0.0013214352461773584,0.0001653361685822649,4,0.4924755882272122
1072,idec,10,35,0.6709225942453697,0.00013591867558808247,-1.1754706787320642e-05,0.6713130789936911,9.901183007468511e-05,1.1115553497955522e-05,4,0.6713130789936911
1073,dec,10,21,0.6537793559409576,-5.67571620740182e-06,-9.464200492121558e-06,0.6537793559409576,-5.67571620740182e-06,-9.464200492121558e-06,4,0.6537793559409576
1073,idec,10,37,0.7046164693969436,-6.689695883922394e-05,1.770485952098536e-05,0.7040362822531909,-6.386163334074146e-05,1.2571721285346514e-05,4,0.7040362822531909
1074,dec,10,19,0.6222916940759868,0.0013992405629419072,1.3608921671083755e-05,0.622317298388054,0.001418543160327976,1.6010880891826958e-05,4,0.622317298388054
1074,idec,10,24,0.6495054839438839,0.00017256503668610092,6.502538735777164e-05,0.6506123431572307,0.0002608531523971655,7.572269063991715e-05,4,0.6506123431572307
1075,dec,10,21,0.5928690858835568,0.0028356946887866984,-0.00011055538767415992,0.5932774281694702,0.0030225597173947757,-0.00010442345880965985,4,0.5932774281694702
1075,idec,10,45,0.860461335749791,3.700955873561329e-05,3.0489810268451112e-05,0.8598431725869441,3.067233888324454e-05,2.7971616022827997e-05,4,0.8598431725869441
1076,dec,10,21,0.49197300506178565,0.0168247281898198,0.0003251649499897461,0.4926166616029127,0.017051454924842436,0.0003484066752990639,4,0.4926166616029127
1076,idec,10,49,0.5571825024119536,0.010686747017210762,0.0006104958798513921,0.5606943110975592,0.011621360464431948,0.0006130667306537723,4,0.5606943110975592
1077,dec,10,20,0.6385644350120956,-3.468857951505804e-05,-8.316182737819937e-06,0.6387439504361012,-3.3140510110592755e-05,-7.143390003870416e-06,4,0.6387439504361012
1077,idec,10,25,0.6397677921422652,-8.61697884542643e-05,-4.7674876730442055e-05,0.6419316364498335,-6.801159367221375e-05,-3.5362852080629095e-05,4,0.6419316364498335
1078,dec,10,25,0.607770102920017,0.00042444015669636486,-0.00024932279166320294,0.607770102920017,0.00042444015669636486,-0.00024932279166320294,4,0.607770102920017
1078,idec,10,25,0.6724165923928134,-7.721595736635713e-05,-9.91803273710952e-05,0.6723749151913655,-9.206789115259022e-05,-0.00013400886243343098,4,0.6723749151913655
1079,dec,10,26,0.29539844835799095,0.004766013913430031,-3.347913004085457e-05,0.2949809291020729,0.004732973317325197,-3.183356663548504e-05,4,0.2949809291020729
1079,idec,10,53,0.5885196379288083,0.001971999302874222,-8.797993997426366e-05,0.5907617001676425,0.0024323818466459152,-0.00012270673183215256,4,0.5907617001676425
