architecture,seed,n_epochs,mse,ari_a,ari_b,ari_c
minimal,0,913,0.6825,0.004,0.165,0.001
minimal,1,940,0.6376,0.0,0.522,-0.003
minimal,2,1016,0.6216,0.0,0.515,-0.004
minimal,3,1000,0.6195,0.001,0.402,0.014
minimal,4,1186,0.607,0.45,0.135,0.001
minimal,5,2245,0.6217,0.358,0.007,0.002
minimal,6,785,0.6886,0.17,0.227,0.001
minimal,7,1057,0.5803,0.0,0.499,-0.007
minimal,8,1105,0.5887,0.017,0.373,-0.013
minimal,9,1196,0.6163,0.0,0.431,-0.005
minimal,10,1292,0.5949,0.0,0.497,0.005
minimal,11,2056,0.6014,0.213,0.066,-0.0
minimal,12,1323,0.7419,0.236,0.07,-0.003
minimal,13,1563,0.624,0.027,0.065,0.001
minimal,14,2563,0.5792,0.284,0.228,0.002
minimal,15,2197,0.6094,0.003,0.402,-0.004
minimal,16,2492,0.7522,-0.0,0.503,0.002
minimal,17,1176,0.6525,0.0,0.811,0.001
minimal,18,675,0.6432,0.442,0.134,0.002
minimal,19,2261,0.6169,0.251,0.098,-0.001
minimal,20,901,0.6267,0.307,0.231,-0.001
minimal,21,945,0.6243,0.0,0.513,-0.003
minimal,22,1569,0.6034,0.592,0.087,0.004
minimal,23,908,0.6097,-0.0,0.548,-0.003
minimal,24,1225,0.6225,0.419,0.13,-0.001
minimal,25,909,0.6732,0.111,0.022,-0.001
minimal,26,1702,0.5855,0.0,0.557,-0.002
minimal,27,1136,0.6313,0.258,0.182,0.003
minimal,28,2185,0.5556,0.0,0.53,-0.004
minimal,29,1296,0.5853,0.38,0.039,-0.001
minimal,30,1716,0.6155,0.016,0.045,-0.031
minimal,31,1194,0.6539,0.177,0.143,-0.0
minimal,32,435,0.6888,0.014,0.199,0.002
minimal,33,840,0.6261,0.02,0.092,-0.003
minimal,34,1552,0.5685,0.653,0.002,0.0
minimal,35,1156,0.7593,0.129,0.1,0.0
minimal,36,1649,0.6105,0.447,0.131,0.0
minimal,37,852,0.6356,0.424,0.139,-0.001
minimal,38,1956,0.6102,0.0,0.526,0.006
minimal,39,1562,0.5984,0.0,0.498,0.0
minimal,40,2016,0.592,0.0,0.495,-0.002
minimal,41,2081,0.6145,0.0,0.518,-0.005
minimal,42,1745,0.6243,0.0,0.46,-0.007
minimal,43,1461,0.5851,0.0,0.488,-0.006
minimal,44,996,0.6391,0.007,0.072,-0.002
minimal,45,1638,0.5837,0.126,0.266,0.006
minimal,46,1440,0.6331,0.0,0.522,0.004
minimal,47,1310,0.5785,0.0,0.809,-0.008
minimal,48,1379,0.5785,0.0,0.798,-0.006
minimal,49,1476,0.6084,0.0,0.521,0.003
minimal,50,1121,0.5768,0.001,0.36,-0.011
minimal,51,1517,0.6186,0.0,0.437,-0.001
minimal,52,1410,0.5857,0.372,0.11,0.001
minimal,53,1426,0.5943,0.002,0.325,-0.031
minimal,54,1385,0.604,0.41,0.107,-0.003
minimal,55,419,0.64,0.055,0.232,0.004
minimal,56,1197,0.5984,0.0,0.482,0.011
minimal,57,1184,0.6388,0.0,0.715,0.005
minimal,58,1090,0.6377,0.0,0.513,0.013
minimal,59,1891,0.6101,0.009,0.197,-0.002
minimal,60,1428,0.5993,0.0,0.488,0.005
minimal,61,1330,0.6272,0.0,0.812,-0.0
minimal,62,1807,0.5777,0.024,-0.001,0.0
minimal,63,2596,0.5578,0.0,0.772,-0.006
minimal,64,1292,0.6568,0.087,0.083,0.0
minimal,65,1605,0.6175,0.002,0.308,-0.001
minimal,66,984,0.6218,0.0,0.373,-0.007
minimal,67,528,0.805,0.054,0.143,0.001
minimal,68,1298,0.6257,0.0,0.5,-0.003
minimal,69,1407,0.6043,0.0,0.443,-0.005
minimal,70,2048,0.6176,0.0,0.508,0.0
minimal,71,685,0.6581,0.371,0.225,-0.001
minimal,72,1694,0.6107,0.0,0.523,-0.002
minimal,73,1598,0.6155,0.414,0.241,0.002
minimal,74,1987,0.6266,0.083,0.153,-0.0
minimal,75,601,0.7821,0.021,0.1,0.0
minimal,76,725,0.6329,0.021,0.069,-0.005
minimal,77,1778,0.5924,0.281,0.064,-0.002
minimal,78,2046,0.5892,0.314,0.112,-0.001
minimal,79,894,0.6199,0.352,0.022,-0.001
wide,0,358,0.5824,0.053,0.087,0.002
wide,1,931,0.4731,0.382,0.082,-0.003
wide,2,1114,0.4725,0.582,0.081,0.002
wide,3,552,0.4714,0.621,0.007,0.002
wide,4,495,0.5258,0.017,0.255,-0.006
wide,5,534,0.5265,0.046,0.251,-0.006
wide,6,503,0.6713,0.324,0.115,-0.001
wide,7,625,0.503,0.009,0.62,-0.011
wide,8,432,0.5285,0.08,0.231,0.001
wide,9,478,0.4859,0.008,0.34,-0.005
wide,10,699,0.5109,0.042,0.256,0.001
wide,11,684,0.4829,0.263,0.062,-0.001
wide,12,789,0.5024,0.321,0.035,0.002
wide,13,768,0.4615,0.141,0.109,0.001
wide,14,676,0.4878,0.091,-0.045,0.004
wide,15,730,0.4927,0.088,0.195,0.005
wide,16,811,0.5026,0.215,0.083,-0.002
wide,17,512,0.552,0.025,0.204,0.008
wide,18,496,0.4986,0.291,0.237,-0.0
wide,19,1185,0.4785,0.369,0.064,0.0
wide,20,484,0.51,0.099,0.24,0.001
wide,21,594,0.5293,0.01,0.257,-0.02
wide,22,803,0.5213,0.0,0.853,-0.004
wide,23,872,0.4871,0.06,0.155,0.007
wide,24,629,0.5146,0.054,0.237,-0.002
wide,25,633,0.4896,0.361,0.074,-0.001
wide,26,675,0.5146,0.04,0.313,-0.0
wide,27,539,0.486,0.314,0.061,0.001
wide,28,486,0.5486,0.07,0.31,0.002
wide,29,440,0.4888,0.356,0.114,0.0
wide,30,467,0.7093,0.065,0.148,-0.005
wide,31,1071,0.4893,0.03,0.352,0.006
wide,32,748,0.6527,0.116,0.121,0.0
wide,33,504,0.5055,0.051,0.162,-0.005
wide,34,636,0.5149,0.379,0.096,-0.001
wide,35,586,0.4941,0.404,0.122,0.001
wide,36,867,0.4674,0.0,0.236,0.002
wide,37,984,0.4826,0.359,0.131,-0.001
wide,38,1073,0.4483,0.372,0.086,0.001
wide,39,486,0.5418,0.07,0.429,-0.003
wide,40,860,0.4619,0.383,0.085,-0.002
wide,41,572,0.5112,0.148,0.123,-0.001
wide,42,551,0.5134,0.024,0.402,-0.007
wide,43,680,0.6797,0.001,0.4,-0.004
wide,44,982,0.503,0.023,0.151,-0.006
wide,45,557,0.5382,0.005,0.244,0.001
wide,46,572,0.511,0.245,0.303,-0.003
wide,47,776,0.4901,0.247,0.178,-0.001
wide,48,840,0.5088,0.043,0.05,-0.005
wide,49,705,0.4939,0.126,0.195,0.002
wide,50,513,0.5177,0.095,0.07,0.003
wide,51,612,0.5236,0.047,0.088,0.003
wide,52,696,0.7059,0.008,0.221,-0.003
wide,53,521,0.541,0.086,0.002,-0.001
wide,54,507,0.5226,0.004,0.377,-0.007
wide,55,602,0.4718,0.317,0.026,-0.001
wide,56,593,0.4994,0.0,0.798,-0.003
wide,57,879,0.4492,0.326,0.119,0.002
wide,58,1152,0.4491,0.345,0.082,0.0
wide,59,737,0.4974,0.357,0.11,-0.001
wide,60,648,0.4976,0.264,0.169,0.002
wide,61,800,0.5023,0.321,0.073,0.0
wide,62,713,0.5054,0.048,0.262,0.007
wide,63,691,0.4752,0.058,0.175,-0.004
wide,64,764,0.4765,0.099,0.049,0.001
wide,65,693,0.528,0.001,0.71,-0.002
wide,66,701,0.5008,0.434,0.072,0.0
wide,67,796,0.4542,0.474,0.001,-0.0
wide,68,513,0.5097,0.071,0.123,-0.001
wide,69,490,0.5267,0.316,0.095,-0.002
wide,70,866,0.4767,0.018,0.478,0.003
wide,71,717,0.5224,0.01,0.234,-0.003
wide,72,548,0.535,0.002,0.295,0.007
wide,73,575,0.4673,0.267,0.046,-0.001
wide,74,760,0.5279,0.016,0.23,0.009
wide,75,421,0.7059,0.021,0.175,-0.001
wide,76,853,0.4639,0.304,0.069,0.001
wide,77,668,0.5296,0.119,0.086,-0.001
wide,78,875,0.5181,0.03,0.139,0.0
wide,79,686,0.5011,0.038,0.225,0.015
