relational_fraction,ratio,seed,detected_pair,routing_correct,kurtosis_dev_true_pair,kurtosis_dev_strongest_competitor,oracle_ari_on_detected_pair
0.02,1.2,5000,"feature_3,feature_4",True,11.81904537135105,11.01038471329096,0.6852048785774854
0.02,1.2,5001,"feature_3,feature_4",True,11.747736668266402,10.791497438331232,0.5562971260044162
0.02,1.2,5002,"feature_3,feature_4",True,11.461264625268605,10.773163359807189,0.5562971260044162
0.02,1.2,5003,"feature_3,feature_4",True,12.118124775617336,10.685775755076902,0.621250255581072
0.02,1.2,5004,"feature_3,feature_4",True,11.949242406516252,10.75250720074537,0.6334824682762827
0.02,1.2,5005,"feature_3,feature_4",True,12.188979144226181,10.78749848691908,0.5872362377212235
0.02,1.2,5006,"feature_3,feature_4",True,12.471074637478996,11.065632029589496,0.7892869362677905
0.02,1.2,5007,"feature_3,feature_4",True,12.404058657404278,11.17929714678582,0.6077009177616689
0.02,1.2,5008,"feature_3,feature_4",True,11.618558964834696,10.940848867618154,0.5562971260044162
0.02,1.2,5009,"feature_3,feature_4",True,12.111890865466716,10.843637932042895,0.6077009177616689
0.02,1.2,5010,"feature_3,feature_4",True,11.698577010002408,10.763149261183463,0.6077009177616689
0.02,1.2,5011,"feature_3,feature_4",True,12.210994135315037,10.930052131858362,0.7111457383640741
0.02,1.2,5012,"feature_3,feature_4",True,11.680570789942932,10.771443010567465,0.621250255581072
0.02,1.2,5013,"feature_3,feature_4",True,12.098547854468451,10.99344941980227,0.7631867672092267
0.02,1.2,5014,"feature_3,feature_4",True,12.31977130213121,10.86756493227946,0.6334824682762827
0.02,1.6,5000,"feature_3,feature_4",True,16.709743959876626,11.01038471329096,0.8416465836568929
0.02,1.6,5001,"feature_3,feature_4",True,15.97310341427476,10.791497438331232,0.7111457383640741
0.02,1.6,5002,"feature_3,feature_4",True,15.408505542294265,10.773163359807189,0.6593171218815549
0.02,1.6,5003,"feature_3,feature_4",True,16.568414615205086,10.685775755076902,0.6852048785774854
0.02,1.6,5004,"feature_3,feature_4",True,16.413372523508173,10.75250720074537,0.7111457383640741
0.02,1.6,5005,"feature_3,feature_4",True,17.11180717041219,10.78749848691908,0.6608169855678112
0.02,1.6,5006,"feature_3,feature_4",True,17.551026422669786,11.065632029589496,0.8154402084170126
0.02,1.6,5007,"feature_3,feature_4",True,17.07402761843219,11.17929714678582,0.7371397012413212
0.02,1.6,5008,"feature_3,feature_4",True,15.844086875633927,10.940848867618154,0.7111457383640741
0.02,1.6,5009,"feature_3,feature_4",True,16.97670995771565,10.843637932042895,0.7631867672092267
0.02,1.6,5010,"feature_3,feature_4",True,16.29859500075716,10.763149261183463,0.7111457383640741
0.02,1.6,5011,"feature_3,feature_4",True,17.279993675975973,10.930052131858362,0.8416465836568929
0.02,1.6,5012,"feature_3,feature_4",True,16.52741058213593,10.771443010567465,0.7371397012413212
0.02,1.6,5013,"feature_3,feature_4",True,17.543833211486877,10.99344941980227,0.8416465836568929
0.02,1.6,5014,"feature_3,feature_4",True,17.63002028658677,10.86756493227946,0.7111457383640741
0.02,2.3,5000,"feature_3,feature_4",True,33.591558003633516,11.01038471329096,0.8942186434086287
0.02,2.3,5001,"feature_3,feature_4",True,30.952842031149405,10.791497438331232,0.8416465836568929
0.02,2.3,5002,"feature_3,feature_4",True,29.610370376450064,10.773163359807189,0.8416465836568929
0.02,2.3,5003,"feature_3,feature_4",True,32.417701873261265,10.685775755076902,0.8416465836568929
0.02,2.3,5004,"feature_3,feature_4",True,32.26890802767915,10.75250720074537,0.8416465836568929
0.02,2.3,5005,"feature_3,feature_4",True,34.27714085201343,10.78749848691908,0.8942186434086287
0.02,2.3,5006,"feature_3,feature_4",True,34.90393221677775,11.065632029589496,0.9470031155229977
0.02,2.3,5007,"feature_3,feature_4",True,33.494273765725566,11.17929714678582,0.8942186434086287
0.02,2.3,5008,"feature_3,feature_4",True,30.837566108267588,10.940848867618154,0.8679060619874317
0.02,2.3,5009,"feature_3,feature_4",True,33.9326363465675,10.843637932042895,0.8679060619874317
0.02,2.3,5010,"feature_3,feature_4",True,32.23977673782111,10.763149261183463,0.8942186434086287
0.02,2.3,5011,"feature_3,feature_4",True,35.12584315343271,10.930052131858362,0.9470031155229977
0.02,2.3,5012,"feature_3,feature_4",True,33.29280994469123,10.771443010567465,0.9205843279204841
0.02,2.3,5013,"feature_3,feature_4",True,36.00597450366672,10.99344941980227,0.9205843279204841
0.02,2.3,5014,"feature_3,feature_4",True,36.08840890767982,10.86756493227946,0.8942186434086287
0.02,3.0,5000,"feature_3,feature_4",True,63.66463073472639,11.01038471329096,0.9734750062161697
0.02,3.0,5001,"feature_3,feature_4",True,58.39153795471792,10.791497438331232,0.9470031155229977
0.02,3.0,5002,"feature_3,feature_4",True,55.89679803979679,10.773163359807189,0.9470031155229977
0.02,3.0,5003,"feature_3,feature_4",True,61.51494715046521,10.685775755076902,0.9734750062161697
0.02,3.0,5004,"feature_3,feature_4",True,61.030945902679434,10.75250720074537,0.9470031155229977
0.02,3.0,5005,"feature_3,feature_4",True,65.22042254496716,10.78749848691908,0.9734750062161697
0.02,3.0,5006,"feature_3,feature_4",True,65.69697066336249,11.065632029589496,0.9470031155229977
0.02,3.0,5007,"feature_3,feature_4",True,63.10959047219437,11.17929714678582,0.9734750062161697
0.02,3.0,5008,"feature_3,feature_4",True,58.29668933876522,10.940848867618154,0.9470031155229977
0.02,3.0,5009,"feature_3,feature_4",True,64.31384893415765,10.843637932042895,0.9734750062161697
0.02,3.0,5010,"feature_3,feature_4",True,61.036631827369135,10.763149261183463,0.9470031155229977
0.02,3.0,5011,"feature_3,feature_4",True,67.07957144072829,10.930052131858362,1.0
0.02,3.0,5012,"feature_3,feature_4",True,63.285254283064404,10.771443010567465,0.9734750062161697
0.02,3.0,5013,"feature_3,feature_4",True,68.60562155412046,10.99344941980227,0.9734750062161697
0.02,3.0,5014,"feature_3,feature_4",True,69.16701944114236,10.86756493227946,0.9470031155229977
0.02,4.0,5000,"feature_3,feature_4",True,131.91324355567423,11.01038471329096,1.0
0.02,4.0,5001,"feature_3,feature_4",True,122.24932465343626,10.791497438331232,0.9734750062161697
0.02,4.0,5002,"feature_3,feature_4",True,117.46713350640017,10.773163359807189,1.0
0.02,4.0,5003,"feature_3,feature_4",True,129.21021325550652,10.685775755076902,0.9734750062161697
0.02,4.0,5004,"feature_3,feature_4",True,127.10900928912187,10.75250720074537,1.0
0.02,4.0,5005,"feature_3,feature_4",True,136.2508833446407,10.78749848691908,1.0
0.02,4.0,5006,"feature_3,feature_4",True,135.56387647340298,11.065632029589496,1.0
0.02,4.0,5007,"feature_3,feature_4",True,130.96952248069508,11.17929714678582,1.0
0.02,4.0,5008,"feature_3,feature_4",True,122.14340335113656,10.940848867618154,1.0
0.02,4.0,5009,"feature_3,feature_4",True,133.52977534657646,10.843637932042895,1.0
0.02,4.0,5010,"feature_3,feature_4",True,127.43862039606461,10.763149261183463,1.0
0.02,4.0,5011,"feature_3,feature_4",True,139.55973035728329,10.930052131858362,1.0
0.02,4.0,5012,"feature_3,feature_4",True,131.68540158294897,10.771443010567465,1.0
0.02,4.0,5013,"feature_3,feature_4",True,142.27063978678677,10.99344941980227,1.0
0.02,4.0,5014,"feature_3,feature_4",True,144.56729055621082,10.86756493227946,1.0
0.04,1.2,5000,"feature_3,feature_4",True,14.636694230694943,10.824987139976681,0.750686927630866
0.04,1.2,5001,"feature_3,feature_4",True,15.63662535992053,10.791497438331232,0.6294578114839601
0.04,1.2,5002,"feature_3,feature_4",True,14.043105715645705,10.773163359807189,0.6434759381038531
0.04,1.2,5003,"feature_3,feature_4",True,14.961806885263929,10.685775755076902,0.7195532322515111
0.04,1.2,5004,"feature_3,feature_4",True,14.272912041572837,10.75250720074537,0.6965252282702937
0.04,1.2,5005,"feature_3,feature_4",True,14.01273692033437,10.78749848691908,0.6283556750542768
0.04,1.2,5006,"feature_3,feature_4",True,14.72579293039171,11.065632029589496,0.7655803918599274
0.04,1.2,5007,"feature_3,feature_4",True,15.728129730072176,11.17929714678582,0.6696136339005093
0.04,1.2,5008,"feature_3,feature_4",True,13.663402278616461,10.940848867618154,0.6890271188124926
0.04,1.2,5009,"feature_3,feature_4",True,15.820834045927793,10.843637932042895,0.7655803918599274
0.04,1.2,5010,"feature_3,feature_4",True,15.293458323345629,10.763149261183463,0.704274309568676
0.04,1.2,5011,"feature_3,feature_4",True,14.889095170946868,11.003074600742215,0.683055326476193
0.04,1.2,5012,"feature_3,feature_4",True,14.323254802663207,10.771443010567465,0.683055326476193
0.04,1.2,5013,"feature_3,feature_4",True,15.451877238724464,10.99344941980227,0.7348638868609981
0.04,1.2,5014,"feature_3,feature_4",True,14.427861502151156,10.86756493227946,0.6696136339005093
0.04,1.6,5000,"feature_3,feature_4",True,22.299235043498346,10.824987139976681,0.8465559564209205
0.04,1.6,5001,"feature_3,feature_4",True,23.3381031149181,10.791497438331232,0.7348638868609981
0.04,1.6,5002,"feature_3,feature_4",True,21.00248585655708,10.773163359807189,0.7502062733971369
0.04,1.6,5003,"feature_3,feature_4",True,22.789848483261707,10.685775755076902,0.7779370326216538
0.04,1.6,5004,"feature_3,feature_4",True,21.244511559130512,10.75250720074537,0.7655803918599274
0.04,1.6,5005,"feature_3,feature_4",True,20.80027120441663,10.78749848691908,0.7502062733971369
0.04,1.6,5006,"feature_3,feature_4",True,21.915520045410325,11.065632029589496,0.8118931388082098
0.04,1.6,5007,"feature_3,feature_4",True,23.61002795659097,11.17929714678582,0.7996955488756833
0.04,1.6,5008,"feature_3,feature_4",True,20.4008175380677,10.940848867618154,0.8052999744861096
0.04,1.6,5009,"feature_3,feature_4",True,24.32132096736015,10.843637932042895,0.8603643688360247
0.04,1.6,5010,"feature_3,feature_4",True,23.168890347554633,10.763149261183463,0.8052999744861096
0.04,1.6,5011,"feature_3,feature_4",True,22.168442147657224,11.003074600742215,0.8052999744861096
0.04,1.6,5012,"feature_3,feature_4",True,21.453610758894037,10.771443010567465,0.7873928047041123
0.04,1.6,5013,"feature_3,feature_4",True,23.57516036770614,10.99344941980227,0.8465559564209205
0.04,1.6,5014,"feature_3,feature_4",True,21.80494138768001,10.86756493227946,0.7916043989446733
0.04,2.3,5000,"feature_3,feature_4",True,46.123497884112865,10.824987139976681,0.9578131138574293
0.04,2.3,5001,"feature_3,feature_4",True,47.72236615987397,10.791497438331232,0.9019588613918391
0.04,2.3,5002,"feature_3,feature_4",True,43.16816375975741,10.773163359807189,0.9158801106806113
0.04,2.3,5003,"feature_3,feature_4",True,47.305705418755906,10.685775755076902,0.9158801106806113
0.04,2.3,5004,"feature_3,feature_4",True,43.61919914734672,10.75250720074537,0.8740463626695417
0.04,2.3,5005,"feature_3,feature_4",True,42.66036065923563,10.78749848691908,0.9298295691878002
0.04,2.3,5006,"feature_3,feature_4",True,44.47560106023992,11.065632029589496,0.9019588613918391
0.04,2.3,5007,"feature_3,feature_4",True,48.29853656258823,11.17929714678582,0.9298295691878002
0.04,2.3,5008,"feature_3,feature_4",True,41.910773491466486,10.940848867618154,0.9158801106806113
0.04,2.3,5009,"feature_3,feature_4",True,50.500131313651984,10.843637932042895,0.9578131138574293
0.04,2.3,5010,"feature_3,feature_4",True,47.727593486520185,10.763149261183463,0.9158801106806113
0.04,2.3,5011,"feature_3,feature_4",True,45.46336348862569,11.003074600742215,0.9298295691878002
0.04,2.3,5012,"feature_3,feature_4",True,44.124108697044555,10.771443010567465,0.9158801106806113
0.04,2.3,5013,"feature_3,feature_4",True,48.82637174224409,10.99344941980227,0.9019588613918391
0.04,2.3,5014,"feature_3,feature_4",True,45.14409690450169,10.86756493227946,0.9019588613918391
0.04,3.0,5000,"feature_3,feature_4",True,84.35755954657938,10.824987139976681,1.0
0.04,3.0,5001,"feature_3,feature_4",True,87.4466410312912,10.791497438331232,0.9578131138574293
0.04,3.0,5002,"feature_3,feature_4",True,79.51800328202947,10.773163359807189,0.9859094954007261
0.04,3.0,5003,"feature_3,feature_4",True,86.97021252080097,10.685775755076902,0.9859094954007261
0.04,3.0,5004,"feature_3,feature_4",True,80.24952059340742,10.75250720074537,0.9718472000198692
0.04,3.0,5005,"feature_3,feature_4",True,78.79798179798934,10.78749848691908,0.9859094954007261
0.04,3.0,5006,"feature_3,feature_4",True,81.12059581821683,11.065632029589496,0.9718472000198692
0.04,3.0,5007,"feature_3,feature_4",True,88.10335401814152,11.17929714678582,0.9578131138574293
0.04,3.0,5008,"feature_3,feature_4",True,77.26143056113646,10.940848867618154,0.9859094954007261
0.04,3.0,5009,"feature_3,feature_4",True,92.1777690099052,10.843637932042895,0.9859094954007261
0.04,3.0,5010,"feature_3,feature_4",True,87.42123327527543,10.763149261183463,0.9578131138574293
0.04,3.0,5011,"feature_3,feature_4",True,83.44816027056767,11.003074600742215,0.9859094954007261
0.04,3.0,5012,"feature_3,feature_4",True,81.10402748458483,10.771443010567465,0.9718472000198692
0.04,3.0,5013,"feature_3,feature_4",True,89.44262581557255,10.99344941980227,0.9578131138574293
0.04,3.0,5014,"feature_3,feature_4",True,83.10223187070335,10.86756493227946,0.9859094954007261
0.04,4.0,5000,"feature_3,feature_4",True,163.75971858224807,10.824987139976681,1.0
0.04,4.0,5001,"feature_3,feature_4",True,170.76340697547522,10.791497438331232,0.9859094954007261
0.04,4.0,5002,"feature_3,feature_4",True,156.23133750294107,10.773163359807189,1.0
0.04,4.0,5003,"feature_3,feature_4",True,169.88100268341117,10.685775755076902,1.0
0.04,4.0,5004,"feature_3,feature_4",True,157.16408798535204,10.75250720074537,1.0
0.04,4.0,5005,"feature_3,feature_4",True,155.44819604087473,10.78749848691908,1.0
0.04,4.0,5006,"feature_3,feature_4",True,158.0085839011987,11.065632029589496,1.0
0.04,4.0,5007,"feature_3,feature_4",True,171.02368685786954,11.17929714678582,1.0
0.04,4.0,5008,"feature_3,feature_4",True,151.9590474129465,10.940848867618154,1.0
0.04,4.0,5009,"feature_3,feature_4",True,178.1868277950033,10.843637932042895,1.0
0.04,4.0,5010,"feature_3,feature_4",True,170.34936143532542,10.763149261183463,1.0
0.04,4.0,5011,"feature_3,feature_4",True,162.91877505068678,11.003074600742215,1.0
0.04,4.0,5012,"feature_3,feature_4",True,158.6685253234662,10.771443010567465,1.0
0.04,4.0,5013,"feature_3,feature_4",True,173.94754324085736,10.99344941980227,1.0
0.04,4.0,5014,"feature_3,feature_4",True,162.63203044511954,10.86756493227946,1.0
0.08,1.2,5000,"feature_3,feature_4",True,18.343115748149312,10.967624785322846,0.7642197688249619
0.08,1.2,5001,"feature_3,feature_4",True,18.395503837189942,10.791497438331232,0.7096506338539897
0.08,1.2,5002,"feature_3,feature_4",True,17.425521655073425,10.773163359807189,0.6864337282795552
0.08,1.2,5003,"feature_3,feature_4",True,19.177475726197454,10.685775755076902,0.6939346077378408
0.08,1.2,5004,"feature_3,feature_4",True,18.27877470870465,10.75250720074537,0.733018135572691
0.08,1.2,5005,"feature_3,feature_4",True,18.115307788596375,10.78749848691908,0.7018949324242597
0.08,1.2,5006,"feature_3,feature_4",True,18.53516072097561,11.065632029589496,0.7960677213056421
0.08,1.2,5007,"feature_3,feature_4",True,19.743951154583375,11.17929714678582,0.7383392731432594
0.08,1.2,5008,"feature_3,feature_4",True,18.609975478738654,10.940848867618154,0.6939346077378408
0.08,1.2,5009,"feature_3,feature_4",True,19.745153733855897,10.843637932042895,0.7802049274428932
0.08,1.2,5010,"feature_3,feature_4",True,19.386956052599622,11.07879771847103,0.7408407686220951
0.08,1.2,5011,"feature_3,feature_4",True,17.445817645302732,10.948295450566802,0.7457722733307317
0.08,1.2,5012,"feature_3,feature_4",True,18.06832522164475,10.771443010567465,0.7408407686220951
0.08,1.2,5013,"feature_3,feature_4",True,19.491883548157265,10.99344941980227,0.7532212070663015
0.08,1.2,5014,"feature_3,feature_4",True,18.232411812676624,10.86756493227946,0.7358433257135033
0.08,1.6,5000,"feature_3,feature_4",True,28.39131075119534,10.967624785322846,0.8521145863301961
0.08,1.6,5001,"feature_3,feature_4",True,28.356860667470087,10.791497438331232,0.8040242175943942
0.08,1.6,5002,"feature_3,feature_4",True,26.810612508671447,10.773163359807189,0.7856619470022631
0.08,1.6,5003,"feature_3,feature_4",True,29.643672877735057,10.685775755076902,0.7960677213056421
0.08,1.6,5004,"feature_3,feature_4",True,28.249896991515765,10.75250720074537,0.7982494139897668
0.08,1.6,5005,"feature_3,feature_4",True,28.0748458416872,10.78749848691908,0.7907048789656123
0.08,1.6,5006,"feature_3,feature_4",True,28.468235265695238,11.065632029589496,0.8515072985055783
0.08,1.6,5007,"feature_3,feature_4",True,30.660235945802977,11.17929714678582,0.8285868895673599
0.08,1.6,5008,"feature_3,feature_4",True,28.781998858922364,10.940848867618154,0.7907048789656123
0.08,1.6,5009,"feature_3,feature_4",True,30.949820644964323,10.843637932042895,0.8682785724814781
0.08,1.6,5010,"feature_3,feature_4",True,30.115801457068116,11.07879771847103,0.8515072985055783
0.08,1.6,5011,"feature_3,feature_4",True,27.023443231269034,10.948295450566802,0.8438512286447414
0.08,1.6,5012,"feature_3,feature_4",True,28.05261174620965,10.771443010567465,0.8438512286447414
0.08,1.6,5013,"feature_3,feature_4",True,30.28828857628288,10.99344941980227,0.8440576926119328
0.08,1.6,5014,"feature_3,feature_4",True,28.242806842677165,10.86756493227946,0.8285868895673599
0.08,2.3,5000,"feature_3,feature_4",True,56.74163471498309,10.967624785322846,0.9446229535872244
0.08,2.3,5001,"feature_3,feature_4",True,56.75894607436918,10.791497438331232,0.9367756811492177
0.08,2.3,5002,"feature_3,feature_4",True,53.83374686914423,10.773163359807189,0.9289443422593086
0.08,2.3,5003,"feature_3,feature_4",True,59.38052120730728,10.685775755076902,0.9246441022522961
0.08,2.3,5004,"feature_3,feature_4",True,56.89244852607786,10.75250720074537,0.9171922412528009
0.08,2.3,5005,"feature_3,feature_4",True,56.540264729790266,10.78749848691908,0.9211289369174969
0.08,2.3,5006,"feature_3,feature_4",True,56.809418155441335,11.065632029589496,0.9246441022522961
0.08,2.3,5007,"feature_3,feature_4",True,61.57950164729722,11.17929714678582,0.9524861595733284
0.08,2.3,5008,"feature_3,feature_4",True,57.884819991742674,10.940848867618154,0.9289443422593086
0.08,2.3,5009,"feature_3,feature_4",True,62.298786625104725,10.843637932042895,0.96036529910753
0.08,2.3,5010,"feature_3,feature_4",True,60.38352325574044,11.07879771847103,0.9289443422593086
0.08,2.3,5011,"feature_3,feature_4",True,54.6249006967691,10.948295450566802,0.9524861595733284
0.08,2.3,5012,"feature_3,feature_4",True,56.43212189226893,10.771443010567465,0.9289443422593086
0.08,2.3,5013,"feature_3,feature_4",True,60.71446639055431,10.99344941980227,0.9211289369174969
0.08,2.3,5014,"feature_3,feature_4",True,56.76323563842939,10.86756493227946,0.9367756811492177
0.08,3.0,5000,"feature_3,feature_4",True,98.76284309225588,10.967624785322846,0.9920411927253111
0.08,3.0,5001,"feature_3,feature_4",True,99.16533118053076,10.791497438331232,0.9840983189987196
0.08,3.0,5002,"feature_3,feature_4",True,94.44720512161578,10.773163359807189,0.9761713788202255
0.08,3.0,5003,"feature_3,feature_4",True,103.71452132317242,10.685775755076902,0.9840983189987196
0.08,3.0,5004,"feature_3,feature_4",True,99.68674893405716,10.75250720074537,0.9920411927253111
0.08,3.0,5005,"feature_3,feature_4",True,99.12707516242207,10.78749848691908,0.9840983189987196
0.08,3.0,5006,"feature_3,feature_4",True,99.1744345574894,11.065632029589496,0.9840983189987196
0.08,3.0,5007,"feature_3,feature_4",True,107.45203023875598,11.17929714678582,0.9840983189987196
0.08,3.0,5008,"feature_3,feature_4",True,101.41834470560985,10.940848867618154,0.9761713788202255
0.08,3.0,5009,"feature_3,feature_4",True,108.46883907110646,10.843637932042895,0.9840983189987196
0.08,3.0,5010,"feature_3,feature_4",True,105.34863990861106,11.07879771847103,0.9840983189987196
0.08,3.0,5011,"feature_3,feature_4",True,95.9860846584915,10.948295450566802,0.9920411927253111
0.08,3.0,5012,"feature_3,feature_4",True,98.6853123972111,10.771443010567465,0.9920411927253111
0.08,3.0,5013,"feature_3,feature_4",True,105.83482927914524,10.99344941980227,0.9761713788202255
0.08,3.0,5014,"feature_3,feature_4",True,99.31147073974401,10.86756493227946,0.9920411927253111
0.08,4.0,5000,"feature_3,feature_4",True,181.49155932657624,10.967624785322846,1.0
0.08,4.0,5001,"feature_3,feature_4",True,183.0175506106603,10.791497438331232,0.9920411927253111
0.08,4.0,5002,"feature_3,feature_4",True,175.03226222919028,10.773163359807189,1.0
0.08,4.0,5003,"feature_3,feature_4",True,191.33269330869427,10.685775755076902,0.9920411927253111
0.08,4.0,5004,"feature_3,feature_4",True,184.15314204572084,10.75250720074537,1.0
0.08,4.0,5005,"feature_3,feature_4",True,183.42491307267773,10.78749848691908,1.0
0.08,4.0,5006,"feature_3,feature_4",True,182.98458940457124,11.065632029589496,1.0
0.08,4.0,5007,"feature_3,feature_4",True,197.77008331207423,11.17929714678582,0.9920411927253111
0.08,4.0,5008,"feature_3,feature_4",True,187.52366193565797,10.940848867618154,1.0
0.08,4.0,5009,"feature_3,feature_4",True,199.01171215729147,10.843637932042895,1.0
0.08,4.0,5010,"feature_3,feature_4",True,194.0351768504308,11.07879771847103,0.9920411927253111
0.08,4.0,5011,"feature_3,feature_4",True,177.8078858372893,10.948295450566802,1.0
0.08,4.0,5012,"feature_3,feature_4",True,182.0716840913734,10.771443010567465,1.0
0.08,4.0,5013,"feature_3,feature_4",True,194.7181856221831,10.99344941980227,1.0
0.08,4.0,5014,"feature_3,feature_4",True,183.39030602135787,10.86756493227946,1.0
0.12,1.2,5000,"feature_3,feature_4",True,19.75501918199465,10.617358814431924,0.7379151404006657
0.12,1.2,5001,"feature_3,feature_4",True,20.46254844811931,10.791497438331232,0.7220640121683289
0.12,1.2,5002,"feature_3,feature_4",True,20.11392449125751,10.773163359807189,0.7293222283720804
0.12,1.2,5003,"feature_3,feature_4",True,21.17813598809784,10.685775755076902,0.6871386064302777
0.12,1.2,5004,"feature_3,feature_4",True,21.413462971178145,10.75250720074537,0.7446386921520742
0.12,1.2,5005,"feature_3,feature_4",True,21.44868069745861,10.78749848691908,0.7256685848719339
0.12,1.2,5006,"feature_3,feature_4",True,20.75265493537784,11.065632029589496,0.7679941353591616
0.12,1.2,5007,"feature_3,feature_4",True,21.84628382799423,11.17929714678582,0.7094413917895818
0.12,1.2,5008,"feature_3,feature_4",True,21.07994752684558,10.940848867618154,0.727255388091147
0.12,1.2,5009,"feature_3,feature_4",True,21.694013486478276,10.867620474696102,0.7574792794039247
0.12,1.2,5010,"feature_3,feature_4",True,22.086994150476105,10.905404829714097,0.7349289664636349
0.12,1.2,5011,"feature_3,feature_4",True,20.16842547339269,10.85653396908331,0.7365467476041655
0.12,1.2,5012,"feature_3,feature_4",True,20.336687876101234,11.095594248148485,0.7330371296024668
0.12,1.2,5013,"feature_3,feature_4",True,21.568233967521618,10.99344941980227,0.7125760304418598
0.12,1.2,5014,"feature_3,feature_4",True,19.031575083972744,10.86756493227946,0.7063182070471705
0.12,1.6,5000,"feature_3,feature_4",True,30.637080750132483,10.617358814431924,0.8321309308033575
0.12,1.6,5001,"feature_3,feature_4",True,31.599017157477704,10.791497438331232,0.8124460349777672
0.12,1.6,5002,"feature_3,feature_4",True,31.037457335309185,10.773163359807189,0.8187506282300243
0.12,1.6,5003,"feature_3,feature_4",True,32.77230446868258,10.685775755076902,0.786100463764746
0.12,1.6,5004,"feature_3,feature_4",True,33.152079022027486,10.75250720074537,0.837959717928241
0.12,1.6,5005,"feature_3,feature_4",True,33.24212790123289,10.78749848691908,0.8084254685716098
0.12,1.6,5006,"feature_3,feature_4",True,31.993394886991503,11.065632029589496,0.8392790098434022
0.12,1.6,5007,"feature_3,feature_4",True,33.64753941115893,11.17929714678582,0.8140386485686498
0.12,1.6,5008,"feature_3,feature_4",True,32.60779919280722,10.940848867618154,0.8297276369283868
0.12,1.6,5009,"feature_3,feature_4",True,33.72612618062943,10.867620474696102,0.8462809192352456
0.12,1.6,5010,"feature_3,feature_4",True,34.205070216126806,10.905404829714097,0.8147185857731503
0.12,1.6,5011,"feature_3,feature_4",True,31.28515202509101,10.85653396908331,0.8422846505858407
0.12,1.6,5012,"feature_3,feature_4",True,31.532346295748177,11.095594248148485,0.8153142942048256
0.12,1.6,5013,"feature_3,feature_4",True,33.39885368286688,10.99344941980227,0.8034080954394734
0.12,1.6,5014,"feature_3,feature_4",True,29.33992161976768,10.86756493227946,0.8366114365781371
0.12,2.3,5000,"feature_3,feature_4",True,60.23497889147179,10.617358814431924,0.9363438818606158
0.12,2.3,5001,"feature_3,feature_4",True,61.96341268467542,10.791497438331232,0.9288236769573189
0.12,2.3,5002,"feature_3,feature_4",True,60.86222246112746,10.773163359807189,0.9346889997991459
0.12,2.3,5003,"feature_3,feature_4",True,64.35726258698243,10.685775755076902,0.9288236769573189
0.12,2.3,5004,"feature_3,feature_4",True,64.90121270535289,10.75250720074537,0.9405663294431054
0.12,2.3,5005,"feature_3,feature_4",True,65.04061742721494,10.78749848691908,0.9420722888519254
0.12,2.3,5006,"feature_3,feature_4",True,62.40877214908622,11.065632029589496,0.9523570091374227
0.12,2.3,5007,"feature_3,feature_4",True,65.80450260769673,11.17929714678582,0.9363438818606158
0.12,2.3,5008,"feature_3,feature_4",True,63.88319722493503,10.940848867618154,0.9346889997991459
0.12,2.3,5009,"feature_3,feature_4",True,66.13750885966147,10.867620474696102,0.9523570091374227
0.12,2.3,5010,"feature_3,feature_4",True,66.73446336927005,10.905404829714097,0.9306271774372149
0.12,2.3,5011,"feature_3,feature_4",True,61.53683363551167,10.85653396908331,0.9523570091374227
0.12,2.3,5012,"feature_3,feature_4",True,61.98879084609728,11.095594248148485,0.9420722888519254
0.12,2.3,5013,"feature_3,feature_4",True,65.35838703783074,10.99344941980227,0.9346889997991459
0.12,2.3,5014,"feature_3,feature_4",True,57.59314539857963,10.86756493227946,0.9420722888519254
0.12,3.0,5000,"feature_3,feature_4",True,102.94669321761597,10.617358814431924,0.9940026023347134
0.12,3.0,5001,"feature_3,feature_4",True,105.82502940250535,10.791497438331232,0.9701330796948939
0.12,3.0,5002,"feature_3,feature_4",True,103.99500389197263,10.773163359807189,0.9820438274105382
0.12,3.0,5003,"feature_3,feature_4",True,109.9982698126089,10.685775755076902,0.9940026023347134
0.12,3.0,5004,"feature_3,feature_4",True,110.48711385384742,10.75250720074537,0.9820438274105382
0.12,3.0,5005,"feature_3,feature_4",True,110.73023813628564,10.78749848691908,0.9940026023347134
0.12,3.0,5006,"feature_3,feature_4",True,106.24904533940077,11.065632029589496,1.0
0.12,3.0,5007,"feature_3,feature_4",True,112.1903410078288,11.17929714678582,0.9760824501516497
0.12,3.0,5008,"feature_3,feature_4",True,108.98271964302074,10.940848867618154,0.9701330796948939
0.12,3.0,5009,"feature_3,feature_4",True,112.60728954079714,10.867620474696102,0.9820438274105382
0.12,3.0,5010,"feature_3,feature_4",True,113.41190643635936,10.905404829714097,0.9820438274105382
0.12,3.0,5011,"feature_3,feature_4",True,105.1706799577519,10.85653396908331,1.0
0.12,3.0,5012,"feature_3,feature_4",True,105.92693875080363,11.095594248148485,0.9820438274105382
0.12,3.0,5013,"feature_3,feature_4",True,111.32753304098077,10.99344941980227,0.9880172114715594
0.12,3.0,5014,"feature_3,feature_4",True,98.54877349977089,10.86756493227946,0.9940026023347134
0.12,4.0,5000,"feature_3,feature_4",True,185.7430857272729,10.617358814431924,1.0
0.12,4.0,5001,"feature_3,feature_4",True,190.86926598631493,10.791497438331232,0.9940026023347134
0.12,4.0,5002,"feature_3,feature_4",True,187.69332738108272,10.773163359807189,1.0
0.12,4.0,5003,"feature_3,feature_4",True,198.53852425949668,10.685775755076902,1.0
0.12,4.0,5004,"feature_3,feature_4",True,198.58611930111766,10.75250720074537,1.0
0.12,4.0,5005,"feature_3,feature_4",True,199.15083933389198,10.78749848691908,1.0
0.12,4.0,5006,"feature_3,feature_4",True,191.26254947801016,11.065632029589496,1.0
0.12,4.0,5007,"feature_3,feature_4",True,202.0429422807552,11.17929714678582,0.9940026023347134
0.12,4.0,5008,"feature_3,feature_4",True,196.3957211201655,10.940848867618154,1.0
0.12,4.0,5009,"feature_3,feature_4",True,202.36671566891405,10.867620474696102,1.0
0.12,4.0,5010,"feature_3,feature_4",True,203.72670974625444,10.905404829714097,1.0
0.12,4.0,5011,"feature_3,feature_4",True,189.73835563519862,10.85653396908331,1.0
0.12,4.0,5012,"feature_3,feature_4",True,191.07256519863964,11.095594248148485,0.9940026023347134
0.12,4.0,5013,"feature_3,feature_4",True,200.31028220917506,10.99344941980227,1.0
0.12,4.0,5014,"feature_3,feature_4",True,178.12426163387426,10.86756493227946,1.0
0.2,1.2,5000,"feature_3,feature_4",True,23.405013722758127,10.617358814431924,0.7504071507600221
0.2,1.2,5001,"feature_3,feature_4",True,23.47751843480846,10.791497438331232,0.7488563189845474
0.2,1.2,5002,"feature_3,feature_4",True,23.221180544150236,10.773163359807189,0.7188776902482931
0.2,1.2,5003,"feature_3,feature_4",True,23.329415844270805,10.685775755076902,0.6824280878871568
0.2,1.2,5004,"feature_3,feature_4",True,24.282101282824286,10.75250720074537,0.7692885186718175
0.2,1.2,5005,"feature_3,feature_4",True,23.666687890544033,10.78749848691908,0.7311965013977694
0.2,1.2,5006,"feature_3,feature_4",True,23.63511739153324,11.065632029589496,0.7394559709684659
0.2,1.2,5007,"feature_3,feature_4",True,24.664614065022125,11.17929714678582,0.7147901913868858
0.2,1.2,5008,"feature_3,feature_4",True,23.34254099922824,10.940848867618154,0.7299525266432223
0.2,1.2,5009,"feature_3,feature_4",True,24.130558054687405,10.843637932042895,0.7447974590691685
0.2,1.2,5010,"feature_3,feature_4",True,24.050620388937663,10.763149261183463,0.7447974590691685
0.2,1.2,5011,"feature_3,feature_4",True,23.759650004475166,10.822700538925833,0.7367073192604856
0.2,1.2,5012,"feature_3,feature_4",True,22.82524470358044,11.028158504120729,0.6928688741721855
0.2,1.2,5013,"feature_3,feature_4",True,23.992518134864476,10.99344941980227,0.7270808452537348
0.2,1.2,5014,"feature_3,feature_4",True,22.755612298419877,10.86756493227946,0.7570016188373804
0.2,1.6,5000,"feature_3,feature_4",True,35.99119802539756,10.617358814431924,0.8518212235661302
0.2,1.6,5001,"feature_3,feature_4",True,35.925147357758135,10.791497438331232,0.8490269591611479
0.2,1.6,5002,"feature_3,feature_4",True,35.61708161504897,10.773163359807189,0.8192635186718175
0.2,1.6,5003,"feature_3,feature_4",True,35.67259191247582,10.685775755076902,0.8066456585724797
0.2,1.6,5004,"feature_3,feature_4",True,37.24084200199746,10.75250720074537,0.8388519238707337
0.2,1.6,5005,"feature_3,feature_4",True,36.35488378835718,10.78749848691908,0.8234878587196468
0.2,1.6,5006,"feature_3,feature_4",True,36.179057429108106,11.065632029589496,0.8277213921081678
0.2,1.6,5007,"feature_3,feature_4",True,37.75078559735973,11.17929714678582,0.8259662072023751
0.2,1.6,5008,"feature_3,feature_4",True,35.75526443463485,10.940848867618154,0.8234878587196468
0.2,1.6,5009,"feature_3,feature_4",True,37.05645263888605,10.843637932042895,0.8447474590691685
0.2,1.6,5010,"feature_3,feature_4",True,36.87335754114033,10.763149261183463,0.8277213921081678
0.2,1.6,5011,"feature_3,feature_4",True,36.52721750761221,10.822700538925833,0.8362160389072848
0.2,1.6,5012,"feature_3,feature_4",True,34.94688538308502,11.028158504120729,0.8046757528151953
0.2,1.6,5013,"feature_3,feature_4",True,36.720866415132704,10.99344941980227,0.8362160389072848
0.2,1.6,5014,"feature_3,feature_4",True,34.96504739184373,10.86756493227946,0.8388519238707337
0.2,2.3,5000,"feature_3,feature_4",True,68.49289763748713,10.617358814431924,0.9499928233075791
0.2,2.3,5001,"feature_3,feature_4",True,68.0263209746655,10.791497438331232,0.9590022971854305
0.2,2.3,5002,"feature_3,feature_4",True,67.68713596422486,10.773163359807189,0.945501876379691
0.2,2.3,5003,"feature_3,feature_4",True,67.71933032985285,10.685775755076902,0.9320841956401766
0.2,2.3,5004,"feature_3,feature_4",True,70.61088457244149,10.75250720074537,0.9410201227924945
0.2,2.3,5005,"feature_3,feature_4",True,69.20820164568735,10.78749848691908,0.9590022971854305
0.2,2.3,5006,"feature_3,feature_4",True,68.68911910755732,11.065632029589496,0.945501876379691
0.2,2.3,5007,"feature_3,feature_4",True,71.60012251802999,11.17929714678582,0.9365475625459897
0.2,2.3,5008,"feature_3,feature_4",True,67.8969149171535,10.940848867618154,0.954492963576159
0.2,2.3,5009,"feature_3,feature_4",True,70.42420432756904,10.843637932042895,0.9590022971854305
0.2,2.3,5010,"feature_3,feature_4",True,69.938102177,10.763149261183463,0.9365475625459897
0.2,2.3,5011,"feature_3,feature_4",True,69.54632986784284,10.822700538925833,0.9320841956401766
0.2,2.3,5012,"feature_3,feature_4",True,66.50503289945702,11.028158504120729,0.9231850418506254
0.2,2.3,5013,"feature_3,feature_4",True,69.59229501790001,10.99344941980227,0.9365475625459897
0.2,2.3,5014,"feature_3,feature_4",True,66.48680605454489,10.86756493227946,0.9410201227924945
0.2,3.0,5000,"feature_3,feature_4",True,113.9381286616677,10.617358814431924,0.9954079263245033
0.2,3.0,5001,"feature_3,feature_4",True,112.90361611855701,10.791497438331232,0.986251358995585
0.2,3.0,5002,"feature_3,feature_4",True,112.59142590174552,10.773163359807189,0.9908250459896983
0.2,3.0,5003,"feature_3,feature_4",True,112.68257111697676,10.685775755076902,0.9908250459896983
0.2,3.0,5004,"feature_3,feature_4",True,117.20486963271594,10.75250720074537,0.986251358995585
0.2,3.0,5005,"feature_3,feature_4",True,115.20326070480456,10.78749848691908,0.9816868653421633
0.2,3.0,5006,"feature_3,feature_4",True,114.26404378850015,11.065632029589496,0.9908250459896983
0.2,3.0,5007,"feature_3,feature_4",True,118.9382003542074,11.17929714678582,0.9954079263245033
0.2,3.0,5008,"feature_3,feature_4",True,112.92285104612046,10.940848867618154,0.9908250459896983
0.2,3.0,5009,"feature_3,feature_4",True,117.05603341523909,10.843637932042895,0.986251358995585
0.2,3.0,5010,"feature_3,feature_4",True,116.20116115094994,10.763149261183463,0.986251358995585
0.2,3.0,5011,"feature_3,feature_4",True,115.70540445937036,10.822700538925833,0.9954079263245033
0.2,3.0,5012,"feature_3,feature_4",True,110.78319673155083,11.028158504120729,0.9908250459896983
0.2,3.0,5013,"feature_3,feature_4",True,115.5875361037643,10.99344941980227,0.986251358995585
0.2,3.0,5014,"feature_3,feature_4",True,110.57794935048247,10.86756493227946,0.9954079263245033
0.2,4.0,5000,"feature_3,feature_4",True,200.68746052842948,10.617358814431924,1.0
0.2,4.0,5001,"feature_3,feature_4",True,198.58886096095029,10.791497438331232,0.9954079263245033
0.2,4.0,5002,"feature_3,feature_4",True,198.37387834037543,10.773163359807189,1.0
0.2,4.0,5003,"feature_3,feature_4",True,198.65805467555379,10.685775755076902,1.0
0.2,4.0,5004,"feature_3,feature_4",True,206.09159194604808,10.75250720074537,1.0
0.2,4.0,5005,"feature_3,feature_4",True,203.04142287500778,10.78749848691908,1.0
0.2,4.0,5006,"feature_3,feature_4",True,201.3669927282555,11.065632029589496,1.0
0.2,4.0,5007,"feature_3,feature_4",True,209.29368027706204,11.17929714678582,1.0
0.2,4.0,5008,"feature_3,feature_4",True,198.94622899846308,10.940848867618154,0.9954079263245033
0.2,4.0,5009,"feature_3,feature_4",True,206.03265181037472,10.843637932042895,1.0
0.2,4.0,5010,"feature_3,feature_4",True,204.57543030460917,10.763149261183463,0.9954079263245033
0.2,4.0,5011,"feature_3,feature_4",True,203.7864908613214,10.822700538925833,1.0
0.2,4.0,5012,"feature_3,feature_4",True,195.39490478395027,11.028158504120729,0.9954079263245033
0.2,4.0,5013,"feature_3,feature_4",True,203.43045106389815,10.99344941980227,0.9954079263245033
0.2,4.0,5014,"feature_3,feature_4",True,194.77665457009277,10.86756493227946,1.0
0.3,1.2,5000,"feature_3,feature_4",True,25.734482916579857,10.617358814431924,0.5711679459677591
0.3,1.2,5001,"feature_3,feature_4",True,25.59007976723741,10.791497438331232,0.5777402799311854
0.3,1.2,5002,"feature_3,feature_4",True,25.272827936430055,10.773163359807189,0.5876624662829472
0.3,1.2,5003,"feature_3,feature_4",True,25.325038597488298,10.685775755076902,0.5548857103413122
0.3,1.2,5004,"feature_3,feature_4",True,26.525412035229508,10.75250720074537,0.5876624662829472
0.3,1.2,5005,"feature_3,feature_4",True,25.747814338971963,10.78749848691908,0.5777402799311854
0.3,1.2,5006,"feature_3,feature_4",True,25.74297788009622,11.065632029589496,0.5744498672556974
0.3,1.2,5007,"feature_3,feature_4",True,26.100943348631837,11.17929714678582,0.5876624662829472
0.3,1.2,5008,"feature_3,feature_4",True,25.928952390442895,10.940848867618154,0.5744498672556974
0.3,1.2,5009,"feature_3,feature_4",True,25.586519868932832,10.843637932042895,0.5943197141218699
0.3,1.2,5010,"feature_3,feature_4",True,26.022614166392767,10.763149261183463,0.5976610751226558
0.3,1.2,5011,"feature_3,feature_4",True,25.526477743419743,10.645578112714501,0.5484322558035809
0.3,1.2,5012,"feature_3,feature_4",True,25.284873823432015,10.771443010567465,0.5876624662829472
0.3,1.2,5013,"feature_3,feature_4",True,26.384291748065017,10.99344941980227,0.5711679459677591
0.3,1.2,5014,"feature_3,feature_4",True,24.99138847955227,10.86756493227946,0.5876624662829472
0.3,1.6,5000,"feature_3,feature_4",True,39.03985877249155,10.617358814431924,0.6178875602659134
0.3,1.6,5001,"feature_3,feature_4",True,38.756421087394045,10.791497438331232,0.6077361064503112
0.3,1.6,5002,"feature_3,feature_4",True,38.253060753146556,10.773163359807189,0.6043692712868763
0.3,1.6,5003,"feature_3,feature_4",True,38.33876343740464,10.685775755076902,0.5976610751226558
0.3,1.6,5004,"feature_3,feature_4",True,40.13442114927072,10.75250720074537,0.6111114330012956
0.3,1.6,5005,"feature_3,feature_4",True,39.1319053285977,10.78749848691908,0.6144952509398297
0.3,1.6,5006,"feature_3,feature_4",True,38.94092068792805,11.065632029589496,0.6077361064503112
0.3,1.6,5007,"feature_3,feature_4",True,39.51079543905165,11.17929714678582,0.6077361064503112
0.3,1.6,5008,"feature_3,feature_4",True,39.269008812344396,10.940848867618154,0.6077361064503112
0.3,1.6,5009,"feature_3,feature_4",True,38.88786515306136,10.843637932042895,0.6144952509398297
0.3,1.6,5010,"feature_3,feature_4",True,39.46104373324286,10.763149261183463,0.6077361064503112
0.3,1.6,5011,"feature_3,feature_4",True,38.766872830294474,10.645578112714501,0.6077361064503112
0.3,1.6,5012,"feature_3,feature_4",True,38.35774344717254,10.771443010567465,0.6178875602659134
0.3,1.6,5013,"feature_3,feature_4",True,39.94121978479403,10.99344941980227,0.6077361064503112
0.3,1.6,5014,"feature_3,feature_4",True,37.91751655858479,10.86756493227946,0.6077361064503112
0.3,2.3,5000,"feature_3,feature_4",True,72.62861397076097,10.617358814431924,0.6178875602659134
0.3,2.3,5001,"feature_3,feature_4",True,71.97491179715945,10.791497438331232,0.6178875602659134
0.3,2.3,5002,"feature_3,feature_4",True,70.99274899979171,10.773163359807189,0.6178875602659134
0.3,2.3,5003,"feature_3,feature_4",True,71.2990856062309,10.685775755076902,0.6144952509398297
0.3,2.3,5004,"feature_3,feature_4",True,74.32070132318734,10.75250720074537,0.6178875602659134
0.3,2.3,5005,"feature_3,feature_4",True,72.80220791582225,10.78749848691908,0.6178875602659134
0.3,2.3,5006,"feature_3,feature_4",True,72.25155457902716,11.065632029589496,0.6178875602659134
0.3,2.3,5007,"feature_3,feature_4",True,73.30982611994774,11.17929714678582,0.6178875602659134
0.3,2.3,5008,"feature_3,feature_4",True,72.90560783876587,10.940848867618154,0.6178875602659134
0.3,2.3,5009,"feature_3,feature_4",True,72.3926269697115,10.843637932042895,0.6178875602659134
0.3,2.3,5010,"feature_3,feature_4",True,73.284861852713,10.763149261183463,0.6178875602659134
0.3,2.3,5011,"feature_3,feature_4",True,72.2824677598918,10.645578112714501,0.6178875602659134
0.3,2.3,5012,"feature_3,feature_4",True,71.25985848933641,10.771443010567465,0.6178875602659134
0.3,2.3,5013,"feature_3,feature_4",True,74.03068628709462,10.99344941980227,0.6178875602659134
0.3,2.3,5014,"feature_3,feature_4",True,70.52399149113899,10.86756493227946,0.6178875602659134
0.3,3.0,5000,"feature_3,feature_4",True,118.99353155620048,10.617358814431924,0.6178875602659134
0.3,3.0,5001,"feature_3,feature_4",True,117.83290920079122,10.791497438331232,0.6178875602659134
0.3,3.0,5002,"feature_3,feature_4",True,116.20882694849749,10.773163359807189,0.6178875602659134
0.3,3.0,5003,"feature_3,feature_4",True,116.89745193691692,10.685775755076902,0.6178875602659134
0.3,3.0,5004,"feature_3,feature_4",True,121.44588674331713,10.75250720074537,0.6178875602659134
0.3,3.0,5005,"feature_3,feature_4",True,119.23580425264322,10.78749848691908,0.6178875602659134
0.3,3.0,5006,"feature_3,feature_4",True,118.28224530520927,11.065632029589496,0.6178875602659134
0.3,3.0,5007,"feature_3,feature_4",True,119.94865297292964,11.17929714678582,0.6178875602659134
0.3,3.0,5008,"feature_3,feature_4",True,119.34591292006606,10.940848867618154,0.6178875602659134
0.3,3.0,5009,"feature_3,feature_4",True,118.60479324161838,10.843637932042895,0.6178875602659134
0.3,3.0,5010,"feature_3,feature_4",True,119.97604242191429,10.763149261183463,0.6178875602659134
0.3,3.0,5011,"feature_3,feature_4",True,118.57525549083024,10.645578112714501,0.6178875602659134
0.3,3.0,5012,"feature_3,feature_4",True,116.6493362685512,10.771443010567465,0.6178875602659134
0.3,3.0,5013,"feature_3,feature_4",True,121.0453275478989,10.99344941980227,0.6178875602659134
0.3,3.0,5014,"feature_3,feature_4",True,115.53355047259234,10.86756493227946,0.6178875602659134
0.3,4.0,5000,"feature_3,feature_4",True,206.97478524005743,10.617358814431924,0.6178875602659134
0.3,4.0,5001,"feature_3,feature_4",True,204.87103732305724,10.791497438331232,0.6178875602659134
0.3,4.0,5002,"feature_3,feature_4",True,202.06686648896647,10.773163359807189,0.6178875602659134
0.3,4.0,5003,"feature_3,feature_4",True,203.51989013476998,10.685775755076902,0.6178875602659134
0.3,4.0,5004,"feature_3,feature_4",True,210.86676953931092,10.75250720074537,0.6178875602659134
0.3,4.0,5005,"feature_3,feature_4",True,207.3512295254327,10.78749848691908,0.6178875602659134
0.3,4.0,5006,"feature_3,feature_4",True,205.70798859498046,11.065632029589496,0.6178875602659134
0.3,4.0,5007,"feature_3,feature_4",True,208.46185839176115,11.17929714678582,0.6178875602659134
0.3,4.0,5008,"feature_3,feature_4",True,207.50637077140814,10.940848867618154,0.6178875602659134
0.3,4.0,5009,"feature_3,feature_4",True,206.2836383878814,10.843637932042895,0.6178875602659134
0.3,4.0,5010,"feature_3,feature_4",True,208.62787315458712,10.763149261183463,0.6178875602659134
0.3,4.0,5011,"feature_3,feature_4",True,206.41972950586643,10.645578112714501,0.6178875602659134
0.3,4.0,5012,"feature_3,feature_4",True,202.7996103206388,10.771443010567465,0.6178875602659134
0.3,4.0,5013,"feature_3,feature_4",True,210.26925493379366,10.99344941980227,0.6178875602659134
0.3,4.0,5014,"feature_3,feature_4",True,200.95587786217598,10.86756493227946,0.6178875602659134
