seed,config,ari_k4,sil_k4
1000,A_only,0.061639627731454524,0.3101989529205109
1000,A_plus_B,0.05333618828621317,0.3786715684246249
1000,A_plus_C,0.12791488631091452,0.31931690286794073
1000,A_plus_B_plus_C,0.10662222276065454,0.3974977939387733
1001,A_only,0.04612744997449505,0.307439945599467
1001,A_plus_B,0.03277413259060477,0.38218765195477833
1001,A_plus_C,0.12719038744538247,0.31774141913689585
1001,A_plus_B_plus_C,0.02775518051349964,0.38350212681219636
1002,A_only,0.024626590048093065,0.30960341959182924
1002,A_plus_B,0.049938740481883535,0.38860535950195857
1002,A_plus_C,0.046162925679151603,0.3026203793224951
1002,A_plus_B_plus_C,0.025660187209155104,0.38060767419426417
1003,A_only,0.019240977757271686,0.31707879532349775
1003,A_plus_B,0.014160057488735587,0.3745455728215058
1003,A_plus_C,0.026526830251234118,0.3119216923655364
1003,A_plus_B_plus_C,0.06897904979855686,0.3759443757079573
1004,A_only,0.08695212621919184,0.31005450934064693
1004,A_plus_B,0.0943338815619154,0.37648525674611283
1004,A_plus_C,0.02274844138223344,0.31064694533905324
1004,A_plus_B_plus_C,0.004138674792213084,0.37346096877373486
1005,A_only,0.10904512007529076,0.3073164135957877
1005,A_plus_B,0.06352951539583508,0.3756645451959429
1005,A_plus_C,0.15948875332618626,0.30574873296246674
1005,A_plus_B_plus_C,0.04678443662681227,0.3727194330945356
1006,A_only,0.062170417081399164,0.3201707463736724
1006,A_plus_B,0.10396521661769044,0.3670897305865634
1006,A_plus_C,0.037215130210296966,0.3116434553260416
1006,A_plus_B_plus_C,0.06816508957169527,0.37813625473421286
1007,A_only,0.0776834419685049,0.30354667326544615
1007,A_plus_B,0.0637158786194207,0.3721987853495644
1007,A_plus_C,0.08897911584252123,0.3080881731702166
1007,A_plus_B_plus_C,0.009626757231347993,0.3812107155976922
1008,A_only,0.06737468665698271,0.3102252298272263
1008,A_plus_B,0.06740934796110903,0.3863260365880682
1008,A_plus_C,0.07974161484572555,0.3176191369513343
1008,A_plus_B_plus_C,0.08160800114597094,0.37442235534531154
1009,A_only,0.06041425340647724,0.309449104360256
1009,A_plus_B,0.01981587714792865,0.3844855349862637
1009,A_plus_C,0.09123226746640495,0.30687601098366935
1009,A_plus_B_plus_C,0.022008941957638375,0.37848506166068313
1010,A_only,0.10600942562464044,0.3155894933629377
1010,A_plus_B,0.03194056030348993,0.3795088946423268
1010,A_plus_C,0.07914860541769934,0.305874507537407
1010,A_plus_B_plus_C,0.02922047266735801,0.3791567102422939
1011,A_only,0.0646708941385022,0.32180261604886673
1011,A_plus_B,0.0839367697028243,0.379752830441341
1011,A_plus_C,0.10051824068271918,0.3110642685232279
1011,A_plus_B_plus_C,0.09134384508216367,0.3723081095101136
1012,A_only,0.11553388071302385,0.31899610404439066
1012,A_plus_B,0.03087118449143893,0.37942606085508623
1012,A_plus_C,0.12348098069906491,0.3174408254011513
1012,A_plus_B_plus_C,0.07465878980245179,0.38512397798802545
1013,A_only,0.08897099076279114,0.3230840766464437
1013,A_plus_B,0.08564456138121539,0.3828113339948623
1013,A_plus_C,0.06736445332947888,0.30693785557544906
1013,A_plus_B_plus_C,0.09863638782163886,0.38510993964481316
1014,A_only,0.11681179313982726,0.3204276528415276
1014,A_plus_B,0.11179204817562037,0.381713093769554
1014,A_plus_C,0.1126211745972728,0.3074043650355752
1014,A_plus_B_plus_C,0.14775745231208057,0.3751081751400292
1015,A_only,0.041334809905094236,0.3047726556283957
1015,A_plus_B,0.06729837361343631,0.38404070712106897
1015,A_plus_C,0.07572203932343483,0.3130682722028403
1015,A_plus_B_plus_C,0.012762168300151103,0.3734931531550255
1016,A_only,0.11073560807212773,0.3160508910024488
1016,A_plus_B,0.11936765316535619,0.3871685165894659
1016,A_plus_C,0.1064215341317698,0.31424515876215375
1016,A_plus_B_plus_C,0.05709225042460201,0.37791036655247756
1017,A_only,0.022071034919076683,0.3133930078972242
1017,A_plus_B,0.06830710978041359,0.3837526145596794
1017,A_plus_C,0.06513852057533752,0.3183233328801683
1017,A_plus_B_plus_C,0.09281751385102746,0.37461199381304966
1018,A_only,0.06725081289861477,0.30752604017933316
1018,A_plus_B,0.04036207210197696,0.3755536978190504
1018,A_plus_C,0.07502605707787346,0.32332940415493827
1018,A_plus_B_plus_C,0.027857773289430874,0.37459712153756086
1019,A_only,0.07613864835017435,0.309189430687391
1019,A_plus_B,0.010639327139202012,0.3766865728225778
1019,A_plus_C,0.06582908012750242,0.3129302977461391
1019,A_plus_B_plus_C,0.07184397994242313,0.3728598031760793
1020,A_only,0.1323448116041808,0.3197698628676144
1020,A_plus_B,0.07969773977515095,0.37142316448569374
1020,A_plus_C,0.047432012069379643,0.3052011668899524
1020,A_plus_B_plus_C,0.07168091702557011,0.37014221947999304
1021,A_only,0.06439290629484219,0.3055557478516629
1021,A_plus_B,0.012739752605868009,0.3769301940763581
1021,A_plus_C,0.04385077591888081,0.3096570230596914
1021,A_plus_B_plus_C,0.008219786909826785,0.3683747596508185
1022,A_only,0.05365661984586316,0.31526660569602266
1022,A_plus_B,0.062131405550672474,0.3779006252756373
1022,A_plus_C,0.02106994369059428,0.3152699566963092
1022,A_plus_B_plus_C,0.0815195117505565,0.3714808983053035
1023,A_only,0.0778110444095152,0.3237307213510033
1023,A_plus_B,0.07859906997261884,0.3630935403805761
1023,A_plus_C,0.08466050706021493,0.31617870176180257
1023,A_plus_B_plus_C,0.04414641662321214,0.3695145233111126
1024,A_only,0.09150285324535846,0.30848503686385287
1024,A_plus_B,0.07416124523386124,0.372422297083126
1024,A_plus_C,0.1638137059395044,0.3154865481828519
1024,A_plus_B_plus_C,0.029610965288788527,0.38382037238533767
1025,A_only,0.07377751403204441,0.309618398650817
1025,A_plus_B,0.06914910030447424,0.38178646873780636
1025,A_plus_C,0.04091617932201979,0.30125596239129904
1025,A_plus_B_plus_C,0.06669961094276995,0.3842355423097682
1026,A_only,0.09727811197482263,0.3132174622546975
1026,A_plus_B,0.05517574492733067,0.3774193137665573
1026,A_plus_C,0.08788872095002229,0.31503709358579046
1026,A_plus_B_plus_C,0.06834359615560824,0.372567859855376
1027,A_only,0.07872189398391073,0.31008541182767235
1027,A_plus_B,0.10682073055888207,0.3852128010614008
1027,A_plus_C,0.1139598368181116,0.31092227460010363
1027,A_plus_B_plus_C,0.11257669118127285,0.38528636647495573
1028,A_only,0.1700024187117389,0.30300578514580556
1028,A_plus_B,0.0578656093505025,0.3734391129880418
1028,A_plus_C,0.1564605256542999,0.3074952433275923
1028,A_plus_B_plus_C,0.044054165218710514,0.37656831856718015
1029,A_only,0.02950106258575129,0.3075439376007629
1029,A_plus_B,0.1394805487236358,0.3853887470888557
1029,A_plus_C,0.05172915873484926,0.3074888890881165
1029,A_plus_B_plus_C,0.09196003612110688,0.3773972922370335
1030,A_only,0.09957455541948976,0.3164803039554451
1030,A_plus_B,0.04276261745213314,0.3847270139532131
1030,A_plus_C,0.14250005476634328,0.31295733345610505
1030,A_plus_B_plus_C,0.07274315076649442,0.38734354235695034
1031,A_only,0.07285375516128097,0.31907509395530287
1031,A_plus_B,0.10335968383495985,0.38921752517481245
1031,A_plus_C,0.057979465552399446,0.31691061947962873
1031,A_plus_B_plus_C,0.035997198498708076,0.3922323120748191
1032,A_only,0.14048181514134353,0.3207193361199141
1032,A_plus_B,0.10153415679206802,0.3849957306272228
1032,A_plus_C,0.11928143793209506,0.3112408665345159
1032,A_plus_B_plus_C,0.003222249716320235,0.36763551856671745
1033,A_only,0.08487655702288703,0.3155623266204909
1033,A_plus_B,0.011645810719217135,0.37295560228867103
1033,A_plus_C,0.17055257085659917,0.32349581647052356
1033,A_plus_B_plus_C,0.006264890151144774,0.3723533664481871
1034,A_only,0.08285001389816991,0.3221247131834035
1034,A_plus_B,0.018496900435898182,0.3765100928917173
1034,A_plus_C,0.0746624285421641,0.30906734383593837
1034,A_plus_B_plus_C,0.03880340394154361,0.38042058260227724
1035,A_only,0.05357775189933079,0.3097549371193987
1035,A_plus_B,0.06802828630459015,0.37480377239392876
1035,A_plus_C,0.09200374481799851,0.3111122186499904
1035,A_plus_B_plus_C,0.07030802642029128,0.3677888427769359
1036,A_only,0.027126717560742912,0.30647187493277145
1036,A_plus_B,0.09012178721325496,0.3779299338895919
1036,A_plus_C,0.06772724863162066,0.3162033692532531
1036,A_plus_B_plus_C,0.050341428483216585,0.3784388372133895
1037,A_only,0.043657218221216716,0.30961890314911833
1037,A_plus_B,0.08053745890175938,0.3734693292602997
1037,A_plus_C,0.10577338959491317,0.3169368364846939
1037,A_plus_B_plus_C,0.11043215979229104,0.37862934043038304
1038,A_only,0.0760033450731702,0.3053956518010386
1038,A_plus_B,0.08479852425306546,0.3831069821613554
1038,A_plus_C,0.07754089612114452,0.3117240117071203
1038,A_plus_B_plus_C,0.08843433245805483,0.38845180062527807
1039,A_only,0.17688457795042178,0.3137728455901604
1039,A_plus_B,0.02320473707764756,0.38415061460153577
1039,A_plus_C,0.06316784497785903,0.31717673767839594
1039,A_plus_B_plus_C,0.0674522504115419,0.3872137831049432
1040,A_only,0.11397319731306568,0.3108760012602477
1040,A_plus_B,0.036220572979403245,0.38317399281022235
1040,A_plus_C,0.09107462410340225,0.3155318752140489
1040,A_plus_B_plus_C,0.07589462868893455,0.3771185135968867
1041,A_only,0.06569863137094913,0.30664405545170675
1041,A_plus_B,0.0256824171464148,0.3838276563635551
1041,A_plus_C,0.06089024533482721,0.30918907863316086
1041,A_plus_B_plus_C,0.0951029044067852,0.37569953294792097
1042,A_only,0.0412444242581761,0.31825561136915664
1042,A_plus_B,0.07923772868418058,0.37531966132486644
1042,A_plus_C,0.03280726988424389,0.3150025259284437
1042,A_plus_B_plus_C,0.050521881198384806,0.3725441121259723
1043,A_only,0.05807525611335387,0.31017983338052496
1043,A_plus_B,0.03908983429788298,0.3699241404701116
1043,A_plus_C,0.06619319314883668,0.3095257462434865
1043,A_plus_B_plus_C,0.07690080000820256,0.3714867182358741
1044,A_only,0.07387817969482267,0.3206432840136827
1044,A_plus_B,0.1050704199318657,0.3724273072096379
1044,A_plus_C,0.030788135486329273,0.3083148022400453
1044,A_plus_B_plus_C,0.13147834334988817,0.38605581814532275
1045,A_only,0.0835661543184165,0.31435523928092585
1045,A_plus_B,0.0033723313974821016,0.3766857416385226
1045,A_plus_C,0.05812228635089938,0.31742451370326424
1045,A_plus_B_plus_C,0.05245433893308689,0.37703692784872556
1046,A_only,0.0772867037692311,0.31895741380288656
1046,A_plus_B,0.06335775143303504,0.37827826876692394
1046,A_plus_C,0.08817125053842467,0.3057772997079081
1046,A_plus_B_plus_C,0.06159107107129649,0.38354327750095635
1047,A_only,0.0980209652490709,0.3210523839800421
1047,A_plus_B,0.12044453532907667,0.37710835391516845
1047,A_plus_C,0.046702271148671634,0.3084732706051637
1047,A_plus_B_plus_C,0.12514898838349198,0.3761457371639963
1048,A_only,0.028136625778036564,0.3179077884187053
1048,A_plus_B,0.0721541286641411,0.3709950263324632
1048,A_plus_C,0.042019734836711654,0.3064488097989729
1048,A_plus_B_plus_C,0.020471746503806655,0.3763485047930487
1049,A_only,0.11279678332609928,0.31579912518016406
1049,A_plus_B,0.06947970577194966,0.37941410772100365
1049,A_plus_C,0.08444333522648795,0.30982684640866404
1049,A_plus_B_plus_C,0.05577968979047569,0.37980652479033855
1050,A_only,0.03697024481923883,0.3204591395081991
1050,A_plus_B,0.08380720592432445,0.38075397972375086
1050,A_plus_C,0.07330631669944421,0.32130068321048905
1050,A_plus_B_plus_C,0.09122546673850168,0.3813114058096665
1051,A_only,0.06983370929821645,0.3248290446759983
1051,A_plus_B,0.023620514292132598,0.37645934674310416
1051,A_plus_C,0.07153912061363436,0.32421791129526784
1051,A_plus_B_plus_C,0.007502239077824061,0.38043584277235204
1052,A_only,0.1334790812468529,0.31401914354214044
1052,A_plus_B,0.11782420381574717,0.37506301493205224
1052,A_plus_C,0.0625061834712561,0.30502563492464146
1052,A_plus_B_plus_C,0.12882277155918534,0.38960935859650303
1053,A_only,0.06467321460292387,0.3155532284822916
1053,A_plus_B,0.003695627555134509,0.3837854535625672
1053,A_plus_C,0.08907138485045805,0.3141273749199921
1053,A_plus_B_plus_C,0.027815331132733875,0.3867381042160263
1054,A_only,0.10340618568720555,0.30476814332753144
1054,A_plus_B,0.01886825932918773,0.38477048493174537
1054,A_plus_C,0.04911524921688448,0.31510482913319343
1054,A_plus_B_plus_C,0.1175716311088576,0.38677441653169764
1055,A_only,0.0315774733042516,0.30827994525189306
1055,A_plus_B,0.04019733206341898,0.379364997323066
1055,A_plus_C,0.09631928475878641,0.31401218632771694
1055,A_plus_B_plus_C,0.006347991934054913,0.3768784951402921
1056,A_only,0.02204722234430506,0.31253547589159747
1056,A_plus_B,0.05001556258811305,0.37212931139980354
1056,A_plus_C,0.06184211068356642,0.31486003978025856
1056,A_plus_B_plus_C,0.07277157716549662,0.37507864024893534
1057,A_only,0.08992077050492,0.3224515551356808
1057,A_plus_B,0.06104689712980767,0.3735845645370006
1057,A_plus_C,0.08648624755748241,0.312965583697955
1057,A_plus_B_plus_C,0.06820367131717556,0.3747206445631406
1058,A_only,0.07067973586467644,0.3094153588632102
1058,A_plus_B,0.06270002253809066,0.37245251917293354
1058,A_plus_C,0.11564905040706497,0.31685454797979595
1058,A_plus_B_plus_C,0.08093045834799045,0.38269654740545356
1059,A_only,0.09015735620515092,0.31154489024111326
1059,A_plus_B,0.08042764733254495,0.3839025715999831
1059,A_plus_C,0.06774672026747203,0.3154407483658351
1059,A_plus_B_plus_C,0.07830817079984938,0.3785041120921307
1060,A_only,0.0649812619933883,0.31294766471491675
1060,A_plus_B,0.05099039031188556,0.3767247873537465
1060,A_plus_C,0.06451741568826913,0.31243110115504896
1060,A_plus_B_plus_C,0.045974867325418625,0.3694773415094772
1061,A_only,0.08298689081020019,0.31403209527936826
1061,A_plus_B,0.06910041235262297,0.3795029193951741
1061,A_plus_C,0.0785965245504602,0.3095179023306489
1061,A_plus_B_plus_C,0.062269795169795146,0.37979374561706036
1062,A_only,0.13285022371511276,0.32033995985153546
1062,A_plus_B,0.10455339229115625,0.38574461913547525
1062,A_plus_C,0.07966198608699203,0.31552657135611156
1062,A_plus_B_plus_C,0.07520804352491026,0.37812017155899086
1063,A_only,0.00834488979831077,0.30809002398705204
1063,A_plus_B,0.056380521028008855,0.36925283797322944
1063,A_plus_C,0.08395424260940669,0.3210772861646323
1063,A_plus_B_plus_C,0.033268435970576486,0.3652695072135384
1064,A_only,0.12414799088394922,0.3199868816688023
1064,A_plus_B,0.03377922348855691,0.3744851336855323
1064,A_plus_C,0.07329004195592248,0.31613822698992555
1064,A_plus_B_plus_C,0.03114324042666514,0.37612018461136293
1065,A_only,0.04565824056899149,0.3052254841720594
1065,A_plus_B,0.040678376457271105,0.36632959321414454
1065,A_plus_C,0.06465918874293128,0.30888107135565385
1065,A_plus_B_plus_C,0.06477808818323884,0.37104502847427157
1066,A_only,0.08323149808492827,0.30727675007205585
1066,A_plus_B,0.1061899846147362,0.3874297786897132
1066,A_plus_C,0.07088448962744154,0.30153126759289783
1066,A_plus_B_plus_C,0.09175470146928098,0.3861509687607147
1067,A_only,0.12876873425870658,0.3115759746762565
1067,A_plus_B,0.08319639584588807,0.38713389120365377
1067,A_plus_C,0.10233211067556143,0.3109158385302745
1067,A_plus_B_plus_C,0.0819440177979229,0.38382372155820965
1068,A_only,0.12368821645930725,0.32395357873076863
1068,A_plus_B,0.06037893528940316,0.39122222471401447
1068,A_plus_C,0.10101536149230099,0.3075728913043809
1068,A_plus_B_plus_C,0.027819162635778417,0.38255692518575923
1069,A_only,0.07056254942484466,0.3082713364957865
1069,A_plus_B,0.0058503433326860844,0.3789947413927222
1069,A_plus_C,0.0788306384358496,0.30017175859442063
1069,A_plus_B_plus_C,0.016794444428155655,0.3865747868162988
1070,A_only,0.07265158977335712,0.3083195619854937
1070,A_plus_B,0.03818002352866308,0.3834537605297916
1070,A_plus_C,0.038804756842615536,0.3174148684927427
1070,A_plus_B_plus_C,0.03340377147111584,0.392991599416819
1071,A_only,0.11252848893187327,0.3158715738940525
1071,A_plus_B,0.007912318303925045,0.3689029651463816
1071,A_plus_C,0.12037136881047887,0.3166579255498818
1071,A_plus_B_plus_C,0.019234506436122054,0.37634039741989145
1072,A_only,0.06681251759682644,0.31226742463380724
1072,A_plus_B,0.042728395694666466,0.38126375236476623
1072,A_plus_C,0.061305984556107654,0.3040024074174788
1072,A_plus_B_plus_C,0.010853019654326761,0.38020271883425694
1073,A_only,0.0841193847424643,0.31101682680798637
1073,A_plus_B,0.01237206389101024,0.37346983437147574
1073,A_plus_C,0.06720763947186717,0.3121163931348581
1073,A_plus_B_plus_C,0.06820769232217219,0.3759960978632747
1074,A_only,0.08401566691704916,0.3269872896423234
1074,A_plus_B,0.018783226687587286,0.3785452474555742
1074,A_plus_C,0.05875856437417005,0.3178474424350128
1074,A_plus_B_plus_C,0.03763786466192968,0.3690077560996337
1075,A_only,0.17257027232073147,0.30869167672573516
1075,A_plus_B,0.06963001018377599,0.3760294144094137
1075,A_plus_C,0.20356020382489518,0.31388452717343457
1075,A_plus_B_plus_C,0.10561802932643677,0.37975670027484215
1076,A_only,0.130539914811596,0.31127309488191235
1076,A_plus_B,0.03883407347350015,0.3829193328879384
1076,A_plus_C,0.1392270818705257,0.3180900983457442
1076,A_plus_B_plus_C,0.025536851377554983,0.3846704342822342
1077,A_only,0.09564674569217739,0.3201220047812552
1077,A_plus_B,0.04069911054970792,0.3765443807216657
1077,A_plus_C,0.07279789974882463,0.29923226012985615
1077,A_plus_B_plus_C,0.06919656813127668,0.38450747610615943
1078,A_only,0.040001416239361584,0.31121230930219995
1078,A_plus_B,0.006371187659928677,0.38261670492193184
1078,A_plus_C,0.1117347271016296,0.31201677910912873
1078,A_plus_B_plus_C,0.0033571347377811733,0.37987208196177696
1079,A_only,0.08672612941439001,0.3094166997752825
1079,A_plus_B,0.028673364266432598,0.3840670850304281
1079,A_plus_C,0.04871311541005445,0.30332271152128276
1079,A_plus_B_plus_C,0.09820440803653313,0.3768557468735766
