param,value,seed,ari_A,ari_B,ari_C,silhouette,epsilon,rho_B,observed_evr_error,theorem1_bound_evr,theorem1_holds
relational_fraction,0.02,2000,0.02491094856984494,0.0005166587747620216,4.457617517769477e-05,0.30735825517145365,0.055037018070761834,0.13204209330245828,0.006717974256342995,0.04953331626368565,True
relational_fraction,0.02,2001,0.041759683467984275,0.01016151025150162,0.00015489584391174731,0.3154473938739356,0.08223843441011494,0.16215988156281544,0.009001365626463243,0.07401459096910344,True
relational_fraction,0.02,2002,0.07233673936006771,0.007993452631721824,0.001095166658532655,0.3182200035239765,0.06848836628297239,0.1436608636085305,0.008268987042171317,0.06163952965467515,True
relational_fraction,0.02,2003,0.03741832816288716,0.00813950847926624,0.001529753045196835,0.31736030782382263,0.06404841289884909,0.14800451913430332,0.009621829037221396,0.05764357160896418,True
relational_fraction,0.02,2004,0.09752146033695462,0.002997889061391617,0.00019487977761180233,0.31584411326425776,0.05978655833577729,0.12338809831396301,0.009048440986076534,0.053807902502199564,True
relational_fraction,0.02,2005,0.0543030847419267,0.0038354532430190102,0.001010491379182939,0.31433856931683557,0.05053997779396144,0.13956213293429703,0.006913122017969476,0.045485980014565296,True
relational_fraction,0.02,2006,0.09635881417734808,0.004022332052392367,-0.0003483835369115242,0.30687293327346843,0.04379718522354049,0.14986678188768476,0.0076524737560732525,0.03941746670118644,True
relational_fraction,0.02,2007,0.13288580458308594,0.005842579721234397,0.001406295673098162,0.31353358003186477,0.05034179227135726,0.14096290886256196,0.006480517204245473,0.04530761304422153,True
relational_fraction,0.02,2008,0.08838945568953642,0.0034709381126338443,-0.0006541137004007236,0.30899042534548415,0.05775499572863426,0.14113113692497684,0.0089412728444353,0.051979496155770834,True
relational_fraction,0.02,2009,0.08872107610488698,0.00480265888067636,0.0010092935831957101,0.31249026479684183,0.05439453341590818,0.1406170737292395,0.006664752421753894,0.048955080074317356,True
relational_fraction,0.02,2010,0.09775673498913512,0.0032208095664486673,0.0005321062605045013,0.31307625581225623,0.07550380267536529,0.14506612020846343,0.009230170770134683,0.06795342240782876,True
relational_fraction,0.02,2011,0.05376788869350144,0.0017374289680083179,-0.0001220093356212224,0.3019759144326041,0.0566300309653307,0.18052555342095072,0.008594273682987309,0.05096702786879763,True
relational_fraction,0.02,2012,0.05934907971207255,0.0034700874363139504,-0.000543136741211066,0.3031953821303602,0.06329757787325344,0.18721703771384393,0.009859534112537571,0.056967820085928086,True
relational_fraction,0.02,2013,0.1166733504153001,0.006904173626345063,0.0015689333707926,0.3110036746116424,0.08444775096145037,0.18782941593774163,0.010797757501154415,0.07600297586530533,True
relational_fraction,0.02,2014,0.048162651812622116,0.014334764507483562,0.0014980002619945018,0.32569936265444965,0.05942848384888893,0.14365135100158524,0.005852214230108055,0.053485635464000036,True
relational_fraction,0.02,2015,0.10338619181131418,0.007225047113788265,0.0006520255643592197,0.32284476499145526,0.04350162877666836,0.17118605955468733,0.007816780712180837,0.03915146589900152,True
relational_fraction,0.02,2016,0.04807322137701326,0.006317760768666474,0.0009688022380984669,0.3176770190743508,0.049108092771949614,0.16219743811086546,0.008018181317127749,0.04419728349475465,True
relational_fraction,0.02,2017,0.06893864810411374,0.00829321553257229,0.0009522469976100958,0.3251463187171304,0.05205789805972065,0.1654505834056182,0.009349105438399175,0.04685210825374859,True
relational_fraction,0.02,2018,0.02946428956667885,0.009700292609255003,0.002915109397000788,0.31399768648998627,0.0497666978589709,0.17484246054797345,0.00708956961645778,0.04479002807307381,True
relational_fraction,0.02,2019,0.023239993563962204,0.008850971459065398,0.0028330300156691607,0.313980610536689,0.05234919085334911,0.13830922546281235,0.006611417799258235,0.0471142717680142,True
relational_fraction,0.04,2000,0.029555748388757495,0.02339000540684496,-0.0011822924914538398,0.31208031962615357,0.04696940846199959,0.2941324743866031,0.006464590284623995,0.04227246761579963,True
relational_fraction,0.04,2001,0.0485154354893102,0.024010621347496573,0.0004919842263688453,0.3169502759018827,0.08074558562023966,0.2661407449344434,0.010519710332273146,0.0726710270582157,True
relational_fraction,0.04,2002,0.143044488154646,0.027703593150057923,-0.0013836962776826447,0.3370956374301662,0.05702761690979662,0.2625966046740155,0.007762079875464933,0.05132485521881695,True
relational_fraction,0.04,2003,0.03130577561949774,0.03063402442605423,-0.003267270476716919,0.3220195388358322,0.05737034120672165,0.2894795602819016,0.00985368029055601,0.05163330708604948,True
relational_fraction,0.04,2004,0.12702441071377468,0.0349574396345555,0.003644897128886768,0.33007032867541397,0.07103793419952112,0.3033715578982163,0.01090925325333476,0.06393414077956901,True
relational_fraction,0.04,2005,0.06480709215693846,0.03262308325310044,0.0028670075651594973,0.33598113015107595,0.06185706851311995,0.2522837930689604,0.007680307183538892,0.05567136166180795,True
relational_fraction,0.04,2006,0.002034918017810509,0.028424596719202923,0.004039623532009968,0.3163870657484247,0.05060077144038783,0.22265436367842883,0.00623761833405605,0.04554069429634905,True
relational_fraction,0.04,2007,0.06390754045235722,0.02366202532919413,-0.0005921139259800416,0.3215423465712105,0.052741666050251046,0.2664270535955802,0.006578890461278486,0.04746749944522594,True
relational_fraction,0.04,2008,0.03783492908689825,0.0351408342118797,0.003704147378261725,0.32181903257629224,0.04988858081737172,0.24310963255662,0.006022083542575074,0.04489972273563455,True
relational_fraction,0.04,2009,0.021300790654867844,0.036022355889849006,0.0006286136583357636,0.3322158999573494,0.05737391678351875,0.2896185709626946,0.0057789442094079435,0.05163652510516688,True
relational_fraction,0.04,2010,0.06943015515398694,0.02822806168514691,-0.0031196314037554014,0.32601816123103433,0.06048887707364343,0.2635721904605037,0.00698300523063089,0.054439989366279085,True
relational_fraction,0.04,2011,0.08248757220079424,0.028689033612125717,0.0005845409648658528,0.309580782610353,0.05396012193005043,0.25966205996036584,0.00711452827759006,0.04856410973704539,True
relational_fraction,0.04,2012,0.013783493119494667,0.027385722679774967,-0.0009465849600269655,0.32128849050729097,0.06201440154379891,0.2588872575367818,0.008419226449270022,0.055812961389419026,True
relational_fraction,0.04,2013,0.04130917614363295,0.03650367604491837,0.004369013185773698,0.3285825210794241,0.04190107575808001,0.24466343242389688,0.007925840118428607,0.03771096818227201,True
relational_fraction,0.04,2014,0.08324773758287589,0.04366249846361546,0.004553875983332099,0.32697237216551134,0.0407721622655492,0.28346746731769257,0.007311887215484503,0.03669494603899428,True
relational_fraction,0.04,2015,0.06455721424956884,0.02516956273699056,0.00011225843984384652,0.31757918521621303,0.0526023226919082,0.2535636249114349,0.0097129222983517,0.04734209042271738,True
relational_fraction,0.04,2016,0.10931625698110405,0.03615485146475238,0.002319186736729237,0.3322897419729901,0.04819391481439846,0.2605763305010582,0.005770613535581215,0.04337452333295862,True
relational_fraction,0.04,2017,0.10836679996612014,0.029235636836429196,-0.00047336663505888923,0.3301013210634911,0.05767576271361618,0.26826374090517335,0.006907760798862872,0.051908186442254554,True
relational_fraction,0.04,2018,0.06993015268307771,0.03764813386154289,0.0010431303765487425,0.3381196100420962,0.043873852886706505,0.27171200489450975,0.0070242400293406785,0.039486467598035854,True
relational_fraction,0.04,2019,0.1068306232159157,0.025008266605995654,-0.0005789153070000935,0.3130997987730116,0.052615362796429054,0.24138720461007113,0.008134279726661243,0.04735382651678614,True
relational_fraction,0.08,2000,0.02236703589062423,0.12243765941697617,0.0013296972557458049,0.36041538489160924,0.04684174567425984,0.4369035689718272,0.006954777222156006,0.04215757110683386,True
relational_fraction,0.08,2001,0.04514722031709385,0.16399193150738017,0.002607033688810726,0.37022816927767693,0.07547532130955546,0.4073659229933044,0.012520788698497865,0.06792778917859991,True
relational_fraction,0.08,2002,0.01850450184058014,0.12112459053314201,0.004443212244750443,0.35004348532864615,0.04512140877865586,0.3907629638922016,0.0058252538600751524,0.040609267900790266,True
relational_fraction,0.08,2003,0.03890445469988893,0.15304264394065695,0.004961077684376537,0.36674974947768907,0.050691213471507984,0.4263492597053743,0.011263152752289474,0.04562209212435718,True
relational_fraction,0.08,2004,0.014663778283784332,0.14763440970416092,-0.0009663816490491124,0.3592276267509421,0.04299424576459802,0.4382903843817945,0.006502263450176182,0.03869482118813822,True
relational_fraction,0.08,2005,0.059252279322973424,0.10760793193350383,-0.001427872259725851,0.3486955852835489,0.07942783724396596,0.4157167531788589,0.009113816077995263,0.07148505351956937,True
relational_fraction,0.08,2006,0.06065158605907024,0.12918011746174687,0.004388775341030874,0.36142084602000113,0.049706679986663074,0.46083599229861893,0.008773277746982222,0.04473601198799677,True
relational_fraction,0.08,2007,0.09038485646982986,0.10103999708338166,0.002330916817752731,0.355400654308271,0.062077763221720594,0.41948180115584666,0.008975616111591145,0.05586998689954854,True
relational_fraction,0.08,2008,0.023431595491167048,0.12210023618735094,0.00013348971400414315,0.35564914192057334,0.07247061135438712,0.4170344340846822,0.007257992119105339,0.0652235502189484,True
relational_fraction,0.08,2009,0.005168374738145541,0.12459579874158089,-7.487920577948297e-05,0.3595416391744819,0.06277138081111311,0.45366370875936624,0.006420888390901014,0.056494242730001795,True
relational_fraction,0.08,2010,0.019376753011485073,0.11707803588111419,0.0047597466352162455,0.35441240842517757,0.05842444996571195,0.3911546269011687,0.008689885604969194,0.05258200496914076,True
relational_fraction,0.08,2011,0.008952630628746855,0.13907197496134951,-0.00036489983755764305,0.35653076115670546,0.068890810730344,0.4268863451836821,0.00921512971154922,0.0620017296573096,True
relational_fraction,0.08,2012,0.059002986144411705,0.1253265550746923,0.000577586602005277,0.3584714986040814,0.05275893668745252,0.41568164522420986,0.008502822064095538,0.04748304301870727,True
relational_fraction,0.08,2013,0.07858097825110885,0.12652535824667244,-0.0018216396154261672,0.3583803073317455,0.05718851988513651,0.4250373318395547,0.011453402684152136,0.05146966789662286,True
relational_fraction,0.08,2014,0.0964699876251604,0.1480714801665247,0.0036422900416518767,0.37856697328314115,0.04026137136691128,0.44042330671886637,0.005867841869059798,0.036235234230220154,True
relational_fraction,0.08,2015,0.012929607538484166,0.11272811896524434,-0.0032127392586084554,0.34770560657129945,0.05487300087026497,0.4160945825922854,0.008587514574207967,0.04938570078323847,True
relational_fraction,0.08,2016,0.023609462210939004,0.1402501593841496,-0.002140854145732276,0.36734216808796977,0.041666369278929305,0.43065958960636036,0.00592501261338374,0.037499732351036374,True
relational_fraction,0.08,2017,0.07390044596622142,0.14693348480798657,-0.004005364450079766,0.3673610405515675,0.03755800093630949,0.4031849771559741,0.005353824643686456,0.03380220084267854,True
relational_fraction,0.08,2018,0.05602640050332771,0.12403029336485563,-0.0038725408252126446,0.3685228158860236,0.047056794833772,0.4474660918414457,0.008397206219161301,0.042351115350394805,True
relational_fraction,0.08,2019,0.05266352193271181,0.12774891070085911,-0.0005106604176119483,0.3583904656820486,0.0435843255096473,0.3773839650138261,0.006406790695298037,0.03922589295868257,True
relational_fraction,0.12,2000,0.08117678236150053,0.22578761542095038,0.006237304010351992,0.38337436344062253,0.04979174033696626,0.5056111511488255,0.007579853651832047,0.04481256630326964,True
relational_fraction,0.12,2001,0.0020721111986470465,0.223756105570513,-0.0015455526701457197,0.38212122251687114,0.064698821523795,0.5423658702250692,0.009484698656797986,0.0582289393714155,True
relational_fraction,0.12,2002,0.06370641031563025,0.2242789375285096,-0.00497901450618387,0.36904679025824,0.060614181136449966,0.5348304019862578,0.0078170614452998,0.05455276302280497,True
relational_fraction,0.12,2003,0.11055519969096632,0.22330544530915694,0.0008367416395239905,0.3819555428578679,0.061125715994364976,0.5363332003221462,0.00910155363311016,0.05501314439492848,True
relational_fraction,0.12,2004,0.03212753300125672,0.22637111592543316,0.004139600487104233,0.3652180095950381,0.06283184593426304,0.5560376386560845,0.0062658089552630305,0.056548661340836734,True
relational_fraction,0.12,2005,0.01051601458070822,0.18721083760434556,0.007016291086109163,0.3628793055984775,0.048935420387835375,0.5205104640157241,0.008462965456764625,0.044041878349051836,True
relational_fraction,0.12,2006,0.04466659765979638,0.18459023103621286,-0.0017054535168514243,0.3667684748147321,0.043833580112726415,0.5317582045602508,0.004321940691582626,0.039450222101453776,True
relational_fraction,0.12,2007,0.06676675172407204,0.22982076755365516,0.0001863146312641532,0.374531650660398,0.04563340541239432,0.5373155377462335,0.008040778327325781,0.04107006487115489,True
relational_fraction,0.12,2008,0.06337638305681062,0.2144856775394573,-0.002170683747781284,0.3742730243136018,0.04758342595229788,0.5083755211771995,0.007886868924445966,0.04282508335706809,True
relational_fraction,0.12,2009,0.05836002136184809,0.23509747907804285,0.004172553664095396,0.3833031729139114,0.05297779407272615,0.5523078007531707,0.006712476713226101,0.04768001466545354,True
relational_fraction,0.12,2010,0.07496894845889131,0.20706094469580136,0.00285308593126136,0.36593423892978993,0.04815226254501495,0.5216469991862004,0.008598783043355951,0.043337036290513456,True
relational_fraction,0.12,2011,0.09163770932800938,0.20535239897058266,0.0027353287034124485,0.3837441405177777,0.057063959160897466,0.5170900355975858,0.009281260787338375,0.051357563244807725,True
relational_fraction,0.12,2012,0.03999780319063331,0.2172564988977267,0.006566197465837298,0.38033107046586945,0.07550685081191846,0.5337181845229783,0.008963490051673994,0.06795616573072662,True
relational_fraction,0.12,2013,0.05924566229786199,0.23543013451816336,-0.0031417884476051946,0.38343893658216754,0.04113807614917651,0.512230549481616,0.008816935002702997,0.03702426853425886,True
relational_fraction,0.12,2014,0.12496533219091155,0.2464777425863391,0.0032537047172398856,0.38969833036922547,0.04706080665921346,0.54121798134279,0.00957635011516762,0.04235472599329211,True
relational_fraction,0.12,2015,0.08641708295827119,0.2265517887448071,-0.0006604053751838046,0.3849909465520032,0.044557418706431165,0.5491755697240205,0.009743578176509126,0.040101676835788046,True
relational_fraction,0.12,2016,0.030484908629827542,0.2066764057797682,0.0015004320197930863,0.3682432069364979,0.06780176100072116,0.5187785825619088,0.008188806847584117,0.06102158490064904,True
relational_fraction,0.12,2017,0.01066447461171632,0.2189774293546117,-0.00216311239545819,0.3828711042632874,0.047630138077605834,0.5228782888123512,0.005931978952893125,0.04286712426984525,True
relational_fraction,0.12,2018,0.051581723757723144,0.23520156580275753,0.00504237909964963,0.3765775846201807,0.0447683514776554,0.5415807475980765,0.00824700394715755,0.04029151632988986,True
relational_fraction,0.12,2019,0.10254431958938512,0.21793033515307186,-0.001779895634286162,0.3835058063083527,0.052907984020933094,0.5227254084510126,0.006095810125871681,0.047617185618839784,True
relational_fraction,0.2,2000,0.1149650176416793,0.2966223047469571,0.003721093562586636,0.38431416807763946,0.05802639156508779,0.6673838425539955,0.007510818382627416,0.052223752408579016,True
relational_fraction,0.2,2001,0.08588990365853273,0.30289733313281814,-0.0033125285874872467,0.4014651548352952,0.07269546696653358,0.6770840153421526,0.009135776806634178,0.06542592026988023,True
relational_fraction,0.2,2002,0.035690832372517765,0.3050436266933569,-0.0016942305812550332,0.3756004021570666,0.04229149614747393,0.6598711351974669,0.008456525509910651,0.03806234653272653,True
relational_fraction,0.2,2003,0.061014663653428135,0.32146484761057176,-0.0013978538934731927,0.39126983722567066,0.052288569760480096,0.6783083420824392,0.009154764466397536,0.047059712784432085,True
relational_fraction,0.2,2004,0.026474394951867517,0.3067176470039921,0.000823207923351523,0.3870366804960803,0.045779823181270336,0.6676139950071311,0.006040456352263401,0.0412018408631433,True
relational_fraction,0.2,2005,0.019499099155306458,0.30662116280157736,0.001449388004246963,0.39316290704635654,0.04615346575728967,0.6368384133996731,0.006876661852224986,0.04153811918156071,True
relational_fraction,0.2,2006,0.04488627815139114,0.3039159346079128,0.0036501160904215467,0.38523648819911593,0.038072343386727284,0.6743703419297857,0.0056448578651748125,0.034265109048054555,True
relational_fraction,0.2,2007,0.11023704642796008,0.30394579163035573,0.0006032349677052155,0.3901268939784574,0.055351628319457676,0.6646081867533976,0.005868063193697215,0.04981646548751191,True
relational_fraction,0.2,2008,0.04248593597724736,0.32071990660363886,-0.006067708873387101,0.39189337685330483,0.03344786242388281,0.6490075779529516,0.007130752646507421,0.03010307618149453,True
relational_fraction,0.2,2009,0.014999054016041034,0.31645849228457495,1.96517430085658e-05,0.39006410786270596,0.06299147117009854,0.6744432418315746,0.009492719110780024,0.05669232405308868,True
relational_fraction,0.2,2010,0.028878724430897496,0.29277843277491183,-0.0004384496159623023,0.37914780293241707,0.04674365936412651,0.6668440712373648,0.0076166485664513565,0.04206929342771386,True
relational_fraction,0.2,2011,0.12785041424154867,0.3086258037410746,0.007418132123724046,0.39503884291979524,0.05925012442372577,0.6631527268188826,0.011365697775063988,0.05332511198135319,True
relational_fraction,0.2,2012,0.09106752486014677,0.3320322914751558,0.004652793886850043,0.3880689356797399,0.06540731810155018,0.6630267433908901,0.009296362725110429,0.05886658629139516,True
relational_fraction,0.2,2013,0.07980031066007878,0.31721554592810086,0.0009332913308155953,0.39004321336504566,0.05704330020728932,0.6565237333588625,0.010579130640991297,0.0513389701865604,True
relational_fraction,0.2,2014,0.014583644739335485,0.3198875105534449,0.003783350231353569,0.3927427162070292,0.057956829224519835,0.6651609995302709,0.010717807660077527,0.05216114630206785,True
relational_fraction,0.2,2015,0.11517763789517117,0.32360274151452934,-0.0015359261236578773,0.3957552969462764,0.04636240383455176,0.6815163205480932,0.007387196540671925,0.04172616345109658,True
relational_fraction,0.2,2016,0.10871331663287845,0.30943466807618364,3.615536167044789e-05,0.3926873152050327,0.04141789053873774,0.6647866478538347,0.006044625970112039,0.03727610148486397,True
relational_fraction,0.2,2017,0.015717267547054,0.3016832508854868,0.0021801070662820212,0.38469383552926556,0.04277244456448556,0.670713758085519,0.008923335942491662,0.03849520010803701,True
relational_fraction,0.2,2018,0.026421097507033222,0.3195990257142564,0.0024363347289790642,0.3898870201995101,0.049393877474876766,0.6805956948298757,0.007117406897958023,0.04445448972738909,True
relational_fraction,0.2,2019,0.0975615712135775,0.3032221284860398,0.005344948743664486,0.3981006503183303,0.07424825911933491,0.6590103760143801,0.010488023072865737,0.06682343320740143,True
relational_fraction,0.3,2000,0.09482965115738995,0.362228015706449,-0.0013028885931565789,0.3837036871180105,0.07125970919696258,0.7578320465383127,0.009423496537344889,0.06413373827726632,True
relational_fraction,0.3,2001,0.10338362605485502,0.3629586892682978,0.0010173118153151816,0.3935042532572342,0.050640165587996125,0.7603240921084929,0.010583041047188236,0.04557614902919651,True
relational_fraction,0.3,2002,0.008053139608424804,0.3553622085670754,0.0010902008064576584,0.38490499668318945,0.04471090677794572,0.7550632731523232,0.008743611375285832,0.04023981610015115,True
relational_fraction,0.3,2003,0.052103411243735694,0.3467458814749425,-0.002241098155580407,0.3936642468641091,0.051686239736182756,0.7820368657463362,0.008907530138607433,0.04651761576256448,True
relational_fraction,0.3,2004,0.0689525918493825,0.3429063895886768,-0.00391962327195068,0.3940135194395326,0.0471585712055606,0.7729533758910988,0.007486562848506195,0.04244271408500454,True
relational_fraction,0.3,2005,0.049928870823975936,0.35362107722884845,0.001162285590679742,0.38538920844924146,0.039413324546222595,0.7581989372118034,0.007312084802552921,0.03547199209160033,True
relational_fraction,0.3,2006,0.0858263143238896,0.3507996234288275,-0.002744138883860036,0.3930185966073815,0.05707137476097418,0.7723660351327029,0.009089908685154403,0.051364237284876754,True
relational_fraction,0.3,2007,0.07552261631382028,0.3623067018366802,-0.0016812943908276717,0.3854259115469874,0.04459055074948118,0.7668865266587892,0.0063670026421087655,0.04013149567453306,True
relational_fraction,0.3,2008,0.035183939149209496,0.369680242287539,0.0010358548522378123,0.3861288763755074,0.04670676741624,0.7680902524294287,0.00494018380725858,0.042036090674616,True
relational_fraction,0.3,2009,0.017537639180728468,0.3641590169928939,0.0028689877074028077,0.3878167639167326,0.04140673610778809,0.7844835387210004,0.011085608940210679,0.037266062497009284,True
relational_fraction,0.3,2010,0.1176392897496838,0.3655868627393673,-0.0006617023477514632,0.3949390063877063,0.06278860805526146,0.7558202637047206,0.00764373365114841,0.05650974724973531,True
relational_fraction,0.3,2011,0.0923717477269141,0.35687026013311807,0.0018299608975272847,0.3926081070977252,0.05886435976481647,0.7685915515836111,0.011287778383837854,0.052977923788334824,True
relational_fraction,0.3,2012,0.05642121270786806,0.3620821848923896,0.005707607470434412,0.39624417829356445,0.057521958495336915,0.7771825328349052,0.006624737341045239,0.05176976264580322,True
relational_fraction,0.3,2013,0.01769466848207893,0.34231594353498934,0.002552285849204337,0.38495768669634506,0.06162281990177183,0.7520318246446105,0.010094972881181385,0.05546053791159465,True
relational_fraction,0.3,2014,0.04329521672195078,0.3569766234357398,0.0035905890025417636,0.3815437469060803,0.05420326752752447,0.7639783913551673,0.008095083122698332,0.04878294077477202,True
relational_fraction,0.3,2015,0.00965289184369357,0.3672235701152873,-1.630867238626529e-05,0.3905052189955634,0.04892705442480663,0.7713770115896716,0.006647523611004636,0.044034348982325965,True
relational_fraction,0.3,2016,0.04104101655522855,0.35538579939378384,0.0002859689050217611,0.3800810363304009,0.05407168446193918,0.7706447766764108,0.008117813941579266,0.048664516015745264,True
relational_fraction,0.3,2017,0.04177850818203073,0.36607841265727403,-0.0028950650072209327,0.38850213195038075,0.04185325426736556,0.7784256595074632,0.008154827729646652,0.03766792884062901,True
relational_fraction,0.3,2018,0.07240922247953087,0.35747864206161345,-0.001514629720120296,0.3916592069909076,0.0588240927001143,0.768610807302201,0.007047982792271435,0.05294168343010287,True
relational_fraction,0.3,2019,0.042112323700972044,0.3507527484597909,0.0019348059435479311,0.39890382723264145,0.05623246011018695,0.7556617556185683,0.006958237426293046,0.050609214099168257,True
ratio,1.2,2000,0.06913168026738158,0.10966672624075317,0.002710766750717784,0.34581547785191946,0.04979174033696626,0.3758443051460742,0.007541407351477236,0.04481256630326964,True
ratio,1.2,2001,0.003709983272712078,0.1321546652817375,-0.0025128515274733952,0.350342152441387,0.064698821523795,0.41729006684860304,0.00946556317010162,0.0582289393714155,True
ratio,1.2,2002,0.06343335433377045,0.09974489344734343,-0.001312753803287005,0.33036497948734384,0.06105307779277963,0.42593912939850587,0.007803298038101203,0.054947770013501665,True
ratio,1.2,2003,0.09825423121561921,0.1088907306448268,0.00044227988365617217,0.348457379299908,0.061125715994364976,0.4156855743311036,0.009104790821389486,0.05501314439492848,True
ratio,1.2,2004,0.03223751812788598,0.11666764144391595,0.0025833612297041417,0.3402269149352338,0.06283184593426304,0.44414756728976884,0.00636070435573266,0.056548661340836734,True
ratio,1.2,2005,0.011126601384649527,0.08804598277641279,0.004624562523465089,0.33143520007241534,0.048935420387835375,0.4041583804549491,0.008510646193240268,0.044041878349051836,True
ratio,1.2,2006,0.045170266024077685,0.11783005007858904,-0.00138429858756804,0.347829028598631,0.043833580112726415,0.4148571303121197,0.004335538589867127,0.039450222101453776,True
ratio,1.2,2007,0.062323945463248424,0.09781600640524324,-0.00027857274959732084,0.33110493064974333,0.04563340541239432,0.42595870198022023,0.008016130528291055,0.04107006487115489,True
ratio,1.2,2008,0.058525009243900944,0.08392448041982552,-4.158354377819755e-05,0.34073589041476937,0.04758342595229788,0.3898174224832332,0.008181222203226013,0.04282508335706809,True
ratio,1.2,2009,0.04646793586209744,0.10348722278769637,0.0032651706542243092,0.3450202799567405,0.05297779407272615,0.43784050841158834,0.006724358323937829,0.04768001466545354,True
ratio,1.2,2010,0.07196341475629088,0.09784771939024617,0.0007634412064054892,0.3328279345517627,0.04815226254501495,0.41217270250456695,0.00854899542157248,0.043337036290513456,True
ratio,1.2,2011,0.09113218374129459,0.12224583942630757,0.004551565746009659,0.35715591347617365,0.057063959160897466,0.3977782805923915,0.009335646494412741,0.051357563244807725,True
ratio,1.2,2012,0.04259246130182936,0.10309260528164836,0.00501959192504153,0.3446619398585117,0.08093860259250099,0.417468414914769,0.009009777388426298,0.07284474233325089,True
ratio,1.2,2013,0.04851891817339223,0.11324409747225239,-0.0030155397443264024,0.34607826408569825,0.04113807614917651,0.38830995222763687,0.008731942498295365,0.03702426853425886,True
ratio,1.2,2014,0.10640224040403376,0.13245499704985225,0.003807742134468222,0.3487256906746727,0.04706080665921346,0.42782112921370474,0.009625641971929388,0.04235472599329211,True
ratio,1.2,2015,0.08123902535515183,0.11640515666449786,0.0013427277810513767,0.3535339541217818,0.044557418706431165,0.4404701311965066,0.00975711480043966,0.040101676835788046,True
ratio,1.2,2016,0.029547656783462366,0.10186943131304561,0.0008419778626463408,0.337202672584354,0.06864371133373773,0.39604451422438386,0.00826625100682361,0.06177934020036395,True
ratio,1.2,2017,0.010098843467188081,0.13080463982227486,-0.0036307558266159934,0.3509691358498212,0.047630138077605834,0.40213313364326,0.005874938989608336,0.04286712426984525,True
ratio,1.2,2018,0.043832203570722365,0.10237709483655077,0.0009275124791406898,0.33248686432226804,0.0447683514776554,0.4255853084643584,0.008242454394845444,0.04029151632988986,True
ratio,1.2,2019,0.0978382415372418,0.11088664801100266,-0.0013229108502274965,0.35283168675670973,0.05620975817311902,0.408725236936509,0.006026136885286771,0.05058878235580712,True
ratio,1.6,2000,0.0767854223381094,0.16359462658333537,0.004192122603295463,0.36376752967287035,0.04979174033696626,0.440830915173175,0.0075614644831937475,0.04481256630326964,True
ratio,1.6,2001,0.002248266209471254,0.17998392577535868,-0.003438545327760409,0.368913409783099,0.064698821523795,0.48046470507269556,0.00947567691451453,0.0582289393714155,True
ratio,1.6,2002,0.061941076405255084,0.13539658260663115,-0.00139558368199136,0.3404724169017754,0.061587719065785355,0.4818443266133324,0.007810546930820094,0.05542894715920682,True
ratio,1.6,2003,0.10285458399663146,0.1570646913796611,0.0016339414738483673,0.3621543722363865,0.061125715994364976,0.47696883208827845,0.009103157207663437,0.05501314439492848,True
ratio,1.6,2004,0.032722016990567426,0.16282426620468457,0.003368286719965953,0.34855065334037866,0.06283184593426304,0.5016699486364159,0.0063173823806129455,0.056548661340836734,True
ratio,1.6,2005,0.010581883242124722,0.13722806854919126,0.006461647320632646,0.3472033956154154,0.048935420387835375,0.46282831670924623,0.00848739188014197,0.044041878349051836,True
ratio,1.6,2006,0.04513136655996823,0.1459918757350861,-0.0021767524551794893,0.35602251893708087,0.043833580112726415,0.4742690993781002,0.004328586739724893,0.039450222101453776,True
ratio,1.6,2007,0.06230894825110183,0.15695277568129762,0.0016225448974594339,0.35054429400830195,0.04563340541239432,0.4827532685375191,0.008029452242640267,0.04107006487115489,True
ratio,1.6,2008,0.05826630516079494,0.14143480799647767,-0.0013815149432590914,0.3506613251052697,0.04758342595229788,0.4496245064996434,0.008031808149943842,0.04282508335706809,True
ratio,1.6,2009,0.0490001332844936,0.1517417597713022,0.0033785808158879357,0.3585671058254641,0.05297779407272615,0.49658836103959425,0.00671837558928432,0.04768001466545354,True
ratio,1.6,2010,0.07078481109706136,0.1366629252478833,0.0018780032034673418,0.3447361606024913,0.04815226254501495,0.46827262823601234,0.008575689801997077,0.043337036290513456,True
ratio,1.6,2011,0.09027471339903217,0.15805264683787446,0.0030250000625328156,0.36925683839245277,0.057063959160897466,0.45818862726761966,0.009307864047360725,0.051357563244807725,True
ratio,1.6,2012,0.04095628502742514,0.1609954868151812,0.004730741121358146,0.3612508313049757,0.0793974352517165,0.4766355485931151,0.008987625599913918,0.07145769172654484,True
ratio,1.6,2013,0.05476150373555912,0.18448800298231238,-0.0013213223642566474,0.36541134280556953,0.04113807614917651,0.450684304276514,0.008777916326262392,0.03702426853425886,True
ratio,1.6,2014,0.11296100832957512,0.17387108121429107,0.0029410146069910204,0.3656368082289338,0.04706080665921346,0.4860618131326931,0.009603647958955097,0.04235472599329211,True
ratio,1.6,2015,0.08148534164136058,0.18464089604661899,0.00044781332001515866,0.3707759962363478,0.044557418706431165,0.4965762226251253,0.009750327937530657,0.040101676835788046,True
ratio,1.6,2016,0.03034511059256441,0.1633478801369436,-0.001175938303503327,0.35601346544682344,0.0690908465189791,0.4578621952554291,0.008227649150538974,0.06218176186708119,True
ratio,1.6,2017,0.010820960575294546,0.1786919775294238,-0.0020916250556094556,0.3667091794516375,0.047630138077605834,0.4631742021461499,0.005906169556242702,0.04286712426984525,True
ratio,1.6,2018,0.04760309571600856,0.1571598566039561,0.002832547065816081,0.34732801042588923,0.0447683514776554,0.48479446411269544,0.008244943255471204,0.04029151632988986,True
ratio,1.6,2019,0.10156312267531409,0.15451158899508383,-0.003339215757759151,0.36574686617516317,0.05536527656708982,0.4666534189976294,0.006062190298198411,0.04982874891038084,True
ratio,2.3,2000,0.08117678236150053,0.22578761542095038,0.006237304010351992,0.38337436344062253,0.04979174033696626,0.5056111511488255,0.007579853651832047,0.04481256630326964,True
ratio,2.3,2001,0.0020721111986470465,0.223756105570513,-0.0015455526701457197,0.38212122251687114,0.064698821523795,0.5423658702250692,0.009484698656797986,0.0582289393714155,True
ratio,2.3,2002,0.06370641031563025,0.2242789375285096,-0.00497901450618387,0.36904679025824,0.060614181136449966,0.5348304019862578,0.0078170614452998,0.05455276302280497,True
ratio,2.3,2003,0.11055519969096632,0.22330544530915694,0.0008367416395239905,0.3819555428578679,0.061125715994364976,0.5363332003221462,0.00910155363311016,0.05501314439492848,True
ratio,2.3,2004,0.03212753300125672,0.22637111592543316,0.004139600487104233,0.3652180095950381,0.06283184593426304,0.5560376386560845,0.0062658089552630305,0.056548661340836734,True
ratio,2.3,2005,0.01051601458070822,0.18721083760434556,0.007016291086109163,0.3628793055984775,0.048935420387835375,0.5205104640157241,0.008462965456764625,0.044041878349051836,True
ratio,2.3,2006,0.04466659765979638,0.18459023103621286,-0.0017054535168514243,0.3667684748147321,0.043833580112726415,0.5317582045602508,0.004321940691582626,0.039450222101453776,True
ratio,2.3,2007,0.06676675172407204,0.22982076755365516,0.0001863146312641532,0.374531650660398,0.04563340541239432,0.5373155377462335,0.008040778327325781,0.04107006487115489,True
ratio,2.3,2008,0.06337638305681062,0.2144856775394573,-0.002170683747781284,0.3742730243136018,0.04758342595229788,0.5083755211771995,0.007886868924445966,0.04282508335706809,True
ratio,2.3,2009,0.05836002136184809,0.23509747907804285,0.004172553664095396,0.3833031729139114,0.05297779407272615,0.5523078007531707,0.006712476713226101,0.04768001466545354,True
ratio,2.3,2010,0.07496894845889131,0.20706094469580136,0.00285308593126136,0.36593423892978993,0.04815226254501495,0.5216469991862004,0.008598783043355951,0.043337036290513456,True
ratio,2.3,2011,0.09163770932800938,0.20535239897058266,0.0027353287034124485,0.3837441405177777,0.057063959160897466,0.5170900355975858,0.009281260787338375,0.051357563244807725,True
ratio,2.3,2012,0.03999780319063331,0.2172564988977267,0.006566197465837298,0.38033107046586945,0.07550685081191846,0.5337181845229783,0.008963490051673994,0.06795616573072662,True
ratio,2.3,2013,0.05924566229786199,0.23543013451816336,-0.0031417884476051946,0.38343893658216754,0.04113807614917651,0.512230549481616,0.008816935002702997,0.03702426853425886,True
ratio,2.3,2014,0.12496533219091155,0.2464777425863391,0.0032537047172398856,0.38969833036922547,0.04706080665921346,0.54121798134279,0.00957635011516762,0.04235472599329211,True
ratio,2.3,2015,0.08641708295827119,0.2265517887448071,-0.0006604053751838046,0.3849909465520032,0.044557418706431165,0.5491755697240205,0.009743578176509126,0.040101676835788046,True
ratio,2.3,2016,0.030484908629827542,0.2066764057797682,0.0015004320197930863,0.3682432069364979,0.06780176100072116,0.5187785825619088,0.008188806847584117,0.06102158490064904,True
ratio,2.3,2017,0.01066447461171632,0.2189774293546117,-0.00216311239545819,0.3828711042632874,0.047630138077605834,0.5228782888123512,0.005931978952893125,0.04286712426984525,True
ratio,2.3,2018,0.051581723757723144,0.23520156580275753,0.00504237909964963,0.3765775846201807,0.0447683514776554,0.5415807475980765,0.00824700394715755,0.04029151632988986,True
ratio,2.3,2019,0.10254431958938512,0.21793033515307186,-0.001779895634286162,0.3835058063083527,0.052907984020933094,0.5227254084510126,0.006095810125871681,0.047617185618839784,True
ratio,3.0,2000,0.08138441423201562,0.24912369095344908,0.004449151332017383,0.39188118259797133,0.04979174033696626,0.5391383083217315,0.007589599852573281,0.04481256630326964,True
ratio,3.0,2001,0.0015451589569022272,0.2563815162896392,-0.0018999422512460376,0.3909679708976825,0.064698821523795,0.5735965613783672,0.009489426517129185,0.0582289393714155,True
ratio,3.0,2002,0.06380454321775499,0.24145134456071699,-0.004987635348815533,0.3801736071201028,0.059127671199078455,0.5605368913455351,0.007820494502401586,0.05321490407917061,True
ratio,3.0,2003,0.10912122254931898,0.24375709800870618,-0.00040769163664128717,0.39048013360871414,0.061125715994364976,0.5660486045669918,0.009100654695949784,0.05501314439492848,True
ratio,3.0,2004,0.032911791134213414,0.24917259594386382,0.004735112825495942,0.3747880307788409,0.06283184593426304,0.5822887010692668,0.006235549878457114,0.056548661340836734,True
ratio,3.0,2005,0.012215563096109357,0.23084854479003053,0.0046050816494198265,0.3758797148889438,0.048935420387835375,0.5494405729055314,0.008448584714962926,0.044041878349051836,True
ratio,3.0,2006,0.046036759948303814,0.21552480911655916,-0.0010344796218026793,0.37427649843615923,0.043833580112726415,0.5603505813664553,0.004318277787335667,0.039450222101453776,True
ratio,3.0,2007,0.06711615231161625,0.25280386710324687,-0.0021800010123059444,0.3855973959013453,0.04563340541239432,0.5639749442078683,0.008046487912488121,0.04107006487115489,True
ratio,3.0,2008,0.062175695306912034,0.24817297265384428,-0.0015241857940465591,0.38644824016420193,0.04758342595229788,0.5381281768602343,0.007806245827065283,0.04282508335706809,True
ratio,3.0,2009,0.057865305346991316,0.2514124043081871,0.0028124621315611634,0.3925658653844367,0.05297779407272615,0.5794919073575504,0.006709145360117541,0.04768001466545354,True
ratio,3.0,2010,0.07753008228785321,0.2506111795852207,-0.0005429104240432225,0.37659268759709585,0.04926846965602344,0.5477718873518718,0.008610614415871142,0.04434162269042109,True
ratio,3.0,2011,0.09223446984957735,0.24712339270659134,0.0035468729007710064,0.39564846418074284,0.057063959160897466,0.546772827150322,0.009266568756323123,0.051357563244807725,True
ratio,3.0,2012,0.04021855175357347,0.2467749065325223,0.006997026121767583,0.3907656143516775,0.07194587573447046,0.5620196801868114,0.008949027287303369,0.06475128816102341,True
ratio,3.0,2013,0.0608027204542444,0.25912183857050947,-0.0012544719972334036,0.39173694614726523,0.04113807614917651,0.5436677083680028,0.008836662613023205,0.03702426853425886,True
ratio,3.0,2014,0.12914239706523065,0.2614673706866089,0.0034542111857561227,0.39921614029170693,0.04706080665921346,0.5682025463513668,0.009558876399721505,0.04235472599329211,True
ratio,3.0,2015,0.08927010639345488,0.2572463384720039,0.0007546386610931998,0.39362076867189627,0.04636420253630797,0.5744156094544276,0.009739742589451183,0.04172778228267717,True
ratio,3.0,2016,0.030928761803487068,0.25651252741201724,-0.00011456056498874213,0.3807673201428903,0.06598466606106695,0.5497643624845061,0.008166734201112313,0.059386199454960265,True
ratio,3.0,2017,0.01133363444641591,0.25080110218061746,-0.0019900094965906783,0.3938235846297034,0.047630138077605834,0.5529997921712995,0.0059447451434939454,0.04286712426984525,True
ratio,3.0,2018,0.054233567020574046,0.26129908245833816,0.004392203044169964,0.38834088667947875,0.0447683514776554,0.5695672435281317,0.008248022712001401,0.04029151632988986,True
ratio,3.0,2019,0.10723485153583436,0.24722007485928102,-0.002260965694077495,0.3946157775311292,0.05056680403125612,0.5505579835045349,0.006113973297764375,0.04551012362813051,True
ratio,4.0,2000,0.08284614152154586,0.26053306369617635,0.005584671871759421,0.3974890085433358,0.04979174033696626,0.564057604040039,0.007597543645569749,0.04481256630326964,True
ratio,4.0,2001,0.0018491908569433497,0.27496528321555436,-0.0025728498897490543,0.39801918587635343,0.064698821523795,0.5960935276520529,0.00949326630187879,0.0582289393714155,True
ratio,4.0,2002,0.06591127644466167,0.2515195256248538,-0.004399348859824831,0.3882292170066769,0.057234866084872604,0.578306662940983,0.007823292742558718,0.051511379476385344,True
ratio,4.0,2003,0.11102729855225311,0.25597565932135585,-0.0005982684073874905,0.3960327671188685,0.061125715994364976,0.5873904973277919,0.009099893554062644,0.05501314439492848,True
ratio,4.0,2004,0.03136296524813025,0.26307206404751105,0.0031405678965405115,0.38260528816801126,0.06283184593426304,0.6003165032984527,0.006209706227913503,0.056548661340836734,True
ratio,4.0,2005,0.012190024398933356,0.2505279924259909,0.004452166462483182,0.3827855696846277,0.048935420387835375,0.5699444600606084,0.00843602161835193,0.044041878349051836,True
ratio,4.0,2006,0.04253150152528926,0.2657251947784165,-0.0009588816746777515,0.3865527330635533,0.043833580112726415,0.5806495545811308,0.004315206748313516,0.039450222101453776,True
ratio,4.0,2007,0.06835831308571602,0.27323986952610546,-0.0007542985019281708,0.3945591213300421,0.04563340541239432,0.5823734163769227,0.008051003272120928,0.04107006487115489,True
ratio,4.0,2008,0.06459264168188303,0.26725179066491983,-0.0023885440802205397,0.393685287605302,0.04758342595229788,0.5596577005651199,0.00773831166766954,0.04282508335706809,True
ratio,4.0,2009,0.06028382588106097,0.2636691927745541,0.002001594441532542,0.3994631099361867,0.05297779407272615,0.5984845633253628,0.006753463250093317,0.04768001466545354,True
ratio,4.0,2010,0.07825885027162921,0.27592801589869387,-0.0007204472581691151,0.38476064068173965,0.04997511528835876,0.5660814597610048,0.008620086192959776,0.04497760375952288,True
ratio,4.0,2011,0.09417685007087889,0.26225531930659673,0.0022472319474733534,0.4030136305330092,0.057063959160897466,0.5682236344931447,0.009254229972815753,0.051357563244807725,True
ratio,4.0,2012,0.04063953037517873,0.25848070011504864,0.006161953200832158,0.3971710745223733,0.06805349100061671,0.5820537749361249,0.008936290214618104,0.06124814190055504,True
ratio,4.0,2013,0.060943701079805256,0.26423439170609037,-0.0007157642505429687,0.3976196498409327,0.04113807614917651,0.5666926036870397,0.008852331655330592,0.03702426853425886,True
ratio,4.0,2014,0.13222147757805167,0.2705537563341536,0.004147278387090837,0.40762552770043986,0.04706080665921346,0.5871947057920929,0.009542963929764814,0.04235472599329211,True
ratio,4.0,2015,0.08933452437154034,0.26738116740817336,0.0015431889918109637,0.40056892788123216,0.051197985756343586,0.591694538692208,0.009736460579505567,0.04607818718070923,True
ratio,4.0,2016,0.029826559901224712,0.27178822012925924,-4.787321683330916e-05,0.3882118192739644,0.07124628363097055,0.5723031939471452,0.008147913730391277,0.06412165526787349,True
ratio,4.0,2017,0.012004004894350214,0.26319302314599485,-0.0009421894515929351,0.4001378368828862,0.047630138077605834,0.574739979771409,0.005954732596600665,0.04286712426984525,True
ratio,4.0,2018,0.05673594994910959,0.2698191055669416,0.0028837802677783827,0.39583302613934496,0.0447683514776554,0.5892741228025864,0.008248818564077175,0.04029151632988986,True
ratio,4.0,2019,0.1107564697474527,0.2703660140981099,-0.000346831298965105,0.40462084765849254,0.047962771572503726,0.570230376514043,0.006128995916320257,0.04316649441525335,True
scale_fraction,0.01,2000,0.04975669999194919,0.2462035955600488,0.00018529828246107753,0.37887384733796475,0.05815678500184723,0.5056111511488255,0.008297308558665506,0.0523411065016625,True
scale_fraction,0.01,2001,0.05431186226156331,0.22867634315532212,0.0029649146821594113,0.3824305462264191,0.05964847240624391,0.5423658702250692,0.00867471199905836,0.05368362516561952,True
scale_fraction,0.01,2002,0.038222182137405636,0.20026420399600328,-0.0008143707934195708,0.35859060580181906,0.060614181136449966,0.5348304019862578,0.007303971263207476,0.05455276302280497,True
scale_fraction,0.01,2003,0.10209569655785275,0.23604377610698088,0.0022010678089026273,0.38052674661317254,0.06831222432622121,0.5363332003221462,0.013446095334917496,0.061481001893599084,True
scale_fraction,0.01,2004,0.024951282581819965,0.20096904941849686,0.0017086754858440588,0.3765774194463574,0.06283184593426304,0.5560376386560845,0.008565234062862448,0.056548661340836734,True
scale_fraction,0.01,2005,0.06555045752810536,0.21063612371748194,-0.0008273975449875738,0.3638713040138339,0.04506921410511935,0.5205104640157241,0.009633048062786897,0.04056229269460741,True
scale_fraction,0.01,2006,0.06946011130848902,0.21418219205445124,-0.0014764080821213792,0.36730346146195186,0.04634889295085923,0.5317582045602508,0.008626935076866427,0.0417140036557733,True
scale_fraction,0.01,2007,0.08523968397084489,0.190377225940814,-0.00026209551509375433,0.36423723740790365,0.04995118864436024,0.5373155377462335,0.0071739242219798546,0.04495606977992421,True
scale_fraction,0.01,2008,0.12694160702757076,0.20604680060006642,6.051572383016971e-05,0.37691903989393993,0.0742621285514591,0.5083755211771995,0.007791825964374111,0.06683591569631318,True
scale_fraction,0.01,2009,0.03473648809322974,0.2412525959881699,0.0015751473987730708,0.38644322054785757,0.05543585580750669,0.5523078007531707,0.005939087333508941,0.049892270226756026,True
scale_fraction,0.01,2010,0.009225541059996586,0.19575574692604014,0.0018528210098504314,0.36138453046070446,0.055878180752362165,0.5216469991862004,0.008963565917292393,0.050290362677125944,True
scale_fraction,0.01,2011,0.06614606899240072,0.22486964792999134,-0.001306905352763818,0.3789643316922661,0.05548835746480732,0.5170900355975858,0.01006550454483417,0.049939521718326586,True
scale_fraction,0.01,2012,0.004354661985623633,0.22960766807209307,-0.00148612321253877,0.3838945553871116,0.040539246495891766,0.5337181845229783,0.007007606957896917,0.036485321846302585,True
scale_fraction,0.01,2013,0.06288192794729848,0.24060745521670315,-6.997642013124751e-05,0.38279926947102716,0.07150856313949741,0.512230549481616,0.008507752238079248,0.06435770682554767,True
scale_fraction,0.01,2014,0.09303899772100903,0.23205070418999663,-0.00031593826322245597,0.3762606547388745,0.04449907876209382,0.54121798134279,0.00900650396092557,0.04004917088588444,True
scale_fraction,0.01,2015,0.051528721688864666,0.21043717799047246,0.0003082871442437872,0.3735489731708881,0.04896753588968887,0.5491755697240205,0.008588550537936413,0.044070782300719986,True
scale_fraction,0.01,2016,0.025685775830554737,0.2013581813165634,-0.0018696616108645901,0.369399240463724,0.05880221337690975,0.5187785825619088,0.005619124752481863,0.05292199203921878,True
scale_fraction,0.01,2017,0.010012369413773233,0.23032913906675753,-0.00039705124932859655,0.3887254035704282,0.048712481002857425,0.5228782888123512,0.008678641447344338,0.04384123290257168,True
scale_fraction,0.01,2018,0.04546159734519341,0.2351039564712675,0.000495509313306192,0.37615830187844906,0.051983598217309815,0.5415807475980765,0.009004539000172618,0.04678523839557883,True
scale_fraction,0.01,2019,0.1107961959407903,0.23138547369829776,0.0006863008395911518,0.37366797238502164,0.046337870474936746,0.5227254084510126,0.008517161658142558,0.04170408342744307,True
scale_fraction,0.02,2000,0.04905203762525927,0.24091556943714199,0.000502836354136369,0.38525664963184897,0.043715773502642705,0.5056111511488255,0.006829580191547402,0.039344196152378434,True
scale_fraction,0.02,2001,0.03394332209676287,0.22858190114516022,0.005373050791946022,0.3808322744232981,0.0519194327537065,0.5423658702250692,0.008001864292634308,0.04672748947833585,True
scale_fraction,0.02,2002,0.04638398512488637,0.2184230172790226,-0.0016885266179756193,0.37248696596337494,0.060614181136449966,0.5348304019862578,0.005250542821066029,0.05455276302280497,True
scale_fraction,0.02,2003,0.01581753916679159,0.23317937590945903,0.002454566831500352,0.38069226412809326,0.03882120769480781,0.5363332003221462,0.007165653331898092,0.03493908692532703,True
scale_fraction,0.02,2004,0.0836088873556005,0.22628128619286556,-0.005631616769213166,0.38524337954545024,0.06283184593426304,0.5560376386560845,0.009216198718278657,0.056548661340836734,True
scale_fraction,0.02,2005,0.09818244688063982,0.21560400681313255,-0.0005975477410349267,0.38700760143263907,0.05462519663259232,0.5205104640157241,0.00923318897004719,0.04916267696933309,True
scale_fraction,0.02,2006,0.07973934288642609,0.18943448618589873,0.004586257317247064,0.3741990235866582,0.04722128250371013,0.5317582045602508,0.006732682556688796,0.042499154253339125,True
scale_fraction,0.02,2007,0.1474281877315239,0.2033041551829297,-0.0007256656068172825,0.3750537456424959,0.07175837787916793,0.5373155377462335,0.009824729652780717,0.06458254009125114,True
scale_fraction,0.02,2008,0.0662666737187952,0.21612466983866033,-0.003957230249544347,0.37392543992714655,0.052173515366549954,0.5083755211771995,0.009959508051375377,0.04695616382989496,True
scale_fraction,0.02,2009,0.0792149143063721,0.24646868810213224,0.004701846302578767,0.3881699826322026,0.05429054313025319,0.5523078007531707,0.007149811754541746,0.04886148881722786,True
scale_fraction,0.02,2010,0.026832695814262102,0.21780482597819112,-0.0011237064683522725,0.3670666068284736,0.048487441329577205,0.5216469991862004,0.006806440340975928,0.04363869719661949,True
scale_fraction,0.02,2011,0.053169480561977324,0.2087876387903842,-0.0018064448945846589,0.3750444658010787,0.04944528427882191,0.5170900355975858,0.007768904047235181,0.04450075585093972,True
scale_fraction,0.02,2012,0.07160373524833459,0.21791927798408417,0.0006698014962783145,0.3774716338217746,0.0500187898986002,0.5337181845229783,0.006672350977428731,0.04501691090874018,True
scale_fraction,0.02,2013,0.10246243988384182,0.23447971114408583,-0.0005392713858265956,0.38675251184224924,0.06617731508718833,0.512230549481616,0.0058614843953280985,0.05955958357846949,True
scale_fraction,0.02,2014,0.1253109679499753,0.24052372949816606,-0.0012590409292809622,0.3861443175596007,0.04470826325669237,0.54121798134279,0.007469633704103529,0.04023743693102313,True
scale_fraction,0.02,2015,0.021937301699657595,0.2242372472289552,0.0016728851849553783,0.3784128368568562,0.04803858036040594,0.5491755697240205,0.008784605164459447,0.04323472232436534,True
scale_fraction,0.02,2016,0.06699763060905414,0.22442689055827733,-0.0008534191658296258,0.38307543050723497,0.05880221337690975,0.5187785825619088,0.008629528881587644,0.05292199203921878,True
scale_fraction,0.02,2017,0.0558536163193378,0.249525165427651,0.0019307301064288398,0.39124984560281434,0.03971682136058453,0.5228782888123512,0.006196501320371406,0.035745139224526074,True
scale_fraction,0.02,2018,0.08770743997353221,0.2480193102928119,-0.00033866955882984784,0.37415624850237555,0.063315416646592,0.5415807475980765,0.009025276913107705,0.0569838749819328,True
scale_fraction,0.02,2019,0.026838836155891107,0.21401250826934864,-0.0010961866943611082,0.3747608007907556,0.08564603249409958,0.5227254084510126,0.010804678797544497,0.07708142924468961,True
scale_fraction,0.04,2000,0.08117678236150053,0.22578761542095038,0.006237304010351992,0.38337436344062253,0.04979174033696626,0.5056111511488255,0.007579853651832047,0.04481256630326964,True
scale_fraction,0.04,2001,0.0020721111986470465,0.223756105570513,-0.0015455526701457197,0.38212122251687114,0.064698821523795,0.5423658702250692,0.009484698656797986,0.0582289393714155,True
scale_fraction,0.04,2002,0.06370641031563025,0.2242789375285096,-0.00497901450618387,0.36904679025824,0.060614181136449966,0.5348304019862578,0.0078170614452998,0.05455276302280497,True
scale_fraction,0.04,2003,0.11055519969096632,0.22330544530915694,0.0008367416395239905,0.3819555428578679,0.061125715994364976,0.5363332003221462,0.00910155363311016,0.05501314439492848,True
scale_fraction,0.04,2004,0.03212753300125672,0.22637111592543316,0.004139600487104233,0.3652180095950381,0.06283184593426304,0.5560376386560845,0.0062658089552630305,0.056548661340836734,True
scale_fraction,0.04,2005,0.01051601458070822,0.18721083760434556,0.007016291086109163,0.3628793055984775,0.048935420387835375,0.5205104640157241,0.008462965456764625,0.044041878349051836,True
scale_fraction,0.04,2006,0.04466659765979638,0.18459023103621286,-0.0017054535168514243,0.3667684748147321,0.043833580112726415,0.5317582045602508,0.004321940691582626,0.039450222101453776,True
scale_fraction,0.04,2007,0.06676675172407204,0.22982076755365516,0.0001863146312641532,0.374531650660398,0.04563340541239432,0.5373155377462335,0.008040778327325781,0.04107006487115489,True
scale_fraction,0.04,2008,0.06337638305681062,0.2144856775394573,-0.002170683747781284,0.3742730243136018,0.04758342595229788,0.5083755211771995,0.007886868924445966,0.04282508335706809,True
scale_fraction,0.04,2009,0.05836002136184809,0.23509747907804285,0.004172553664095396,0.3833031729139114,0.05297779407272615,0.5523078007531707,0.006712476713226101,0.04768001466545354,True
scale_fraction,0.04,2010,0.07496894845889131,0.20706094469580136,0.00285308593126136,0.36593423892978993,0.04815226254501495,0.5216469991862004,0.008598783043355951,0.043337036290513456,True
scale_fraction,0.04,2011,0.09163770932800938,0.20535239897058266,0.0027353287034124485,0.3837441405177777,0.057063959160897466,0.5170900355975858,0.009281260787338375,0.051357563244807725,True
scale_fraction,0.04,2012,0.03999780319063331,0.2172564988977267,0.006566197465837298,0.38033107046586945,0.07550685081191846,0.5337181845229783,0.008963490051673994,0.06795616573072662,True
scale_fraction,0.04,2013,0.05924566229786199,0.23543013451816336,-0.0031417884476051946,0.38343893658216754,0.04113807614917651,0.512230549481616,0.008816935002702997,0.03702426853425886,True
scale_fraction,0.04,2014,0.12496533219091155,0.2464777425863391,0.0032537047172398856,0.38969833036922547,0.04706080665921346,0.54121798134279,0.00957635011516762,0.04235472599329211,True
scale_fraction,0.04,2015,0.08641708295827119,0.2265517887448071,-0.0006604053751838046,0.3849909465520032,0.044557418706431165,0.5491755697240205,0.009743578176509126,0.040101676835788046,True
scale_fraction,0.04,2016,0.030484908629827542,0.2066764057797682,0.0015004320197930863,0.3682432069364979,0.06780176100072116,0.5187785825619088,0.008188806847584117,0.06102158490064904,True
scale_fraction,0.04,2017,0.01066447461171632,0.2189774293546117,-0.00216311239545819,0.3828711042632874,0.047630138077605834,0.5228782888123512,0.005931978952893125,0.04286712426984525,True
scale_fraction,0.04,2018,0.051581723757723144,0.23520156580275753,0.00504237909964963,0.3765775846201807,0.0447683514776554,0.5415807475980765,0.00824700394715755,0.04029151632988986,True
scale_fraction,0.04,2019,0.10254431958938512,0.21793033515307186,-0.001779895634286162,0.3835058063083527,0.052907984020933094,0.5227254084510126,0.006095810125871681,0.047617185618839784,True
scale_fraction,0.08,2000,0.14555566540084386,0.2300012631259131,0.002639116092727689,0.38440832855562135,0.058700667523295655,0.5056111511488255,0.00526437040851282,0.05283060077096609,True
scale_fraction,0.08,2001,0.04152901063598837,0.22866807930782276,-0.0025952508771689554,0.38201216728078324,0.05513458344577969,0.5423658702250692,0.006764218137747369,0.04962112510120172,True
scale_fraction,0.08,2002,0.1094497974152071,0.2098705988046203,-0.0005405970203525827,0.37565518533134434,0.07250903090084543,0.5348304019862578,0.008791267780720646,0.06525812781076087,True
scale_fraction,0.08,2003,0.08049367922685417,0.23318528952232412,0.008242478337437856,0.38016120165977874,0.06991005354114956,0.5363332003221462,0.008486848661059143,0.0629190481870346,True
scale_fraction,0.08,2004,0.030667578291858788,0.23077896979821874,0.004662234605328359,0.38850546402180175,0.06283184593426304,0.5560376386560845,0.007853134739440982,0.056548661340836734,True
scale_fraction,0.08,2005,0.009498891528002233,0.19062009850517034,-0.001481929636845492,0.3692191946924834,0.05326050524158643,0.5205104640157241,0.00654410299329411,0.047934454717427785,True
scale_fraction,0.08,2006,0.061401903728963064,0.19092509755142106,0.006050511998569121,0.3613911660463073,0.043833580112726415,0.5317582045602508,0.007715427643416317,0.039450222101453776,True
scale_fraction,0.08,2007,0.022411406468496407,0.22182335909431108,-0.004389475635976493,0.3705149704747221,0.05120864000157099,0.5373155377462335,0.006642963864276696,0.046087776001413894,True
scale_fraction,0.08,2008,0.07648986027345013,0.21273640054974546,0.0027603237838852114,0.3814100750613086,0.07957311737740981,0.5083755211771995,0.010356778343022932,0.07161580563966882,True
scale_fraction,0.08,2009,0.011254422922204852,0.23841861450246316,0.005628063283405105,0.3774249526587676,0.039593596600668746,0.5523078007531707,0.009121353450962677,0.035634236940601874,True
scale_fraction,0.08,2010,0.013219460337868876,0.20812623736410873,0.0006084267706652786,0.3682552824249244,0.04664763565307465,0.5216469991862004,0.006301773870122729,0.04198287208776719,True
scale_fraction,0.08,2011,0.09665344874320285,0.21413232512044905,-0.003322292997680985,0.3714475724243622,0.051647554469392315,0.5170900355975858,0.00923453501506456,0.04648279902245308,True
scale_fraction,0.08,2012,0.11227648948832115,0.23426499285461105,0.00253186498994462,0.3776584375712572,0.04154712678567883,0.5337181845229783,0.008384279567865005,0.03739241410711095,True
scale_fraction,0.08,2013,0.0775068192889207,0.22412324595302355,0.0015875505377681465,0.37759134140686074,0.05425023094516601,0.512230549481616,0.007767012178560262,0.04882520785064941,True
scale_fraction,0.08,2014,0.08217524730842257,0.224510077611847,-0.0017531486905591185,0.39146529970949484,0.049611863300106904,0.54121798134279,0.008537548576196218,0.04465067697009621,True
scale_fraction,0.08,2015,0.04825796408661949,0.21466743041110584,-0.008945067976825746,0.37417142639646267,0.04132366860310315,0.5491755697240205,0.0075912300207976345,0.03719130174279284,True
scale_fraction,0.08,2016,0.02504194880038245,0.2104623439995059,-0.0014685627224169265,0.3667370701625033,0.05880221337690975,0.5187785825619088,0.008381116646702458,0.05292199203921878,True
scale_fraction,0.08,2017,0.00821489937499092,0.23910992438944587,0.004347707987663123,0.38090328052272243,0.05392849232767409,0.5228782888123512,0.006706748479990576,0.04853564309490668,True
scale_fraction,0.08,2018,0.012875655376275542,0.22045050463039226,0.007852995487392926,0.37953741977951416,0.044943792563380415,0.5415807475980765,0.009289918167743138,0.040449413307042374,True
scale_fraction,0.08,2019,0.03212472004202225,0.2136716611305913,0.0017872221122346881,0.3578949032937929,0.04799466557424834,0.5227254084510126,0.007212149045434479,0.04319519901682351,True
scale_fraction,0.12,2000,0.13674376299686924,0.2438997552730817,0.0018805271972852434,0.3882537292232488,0.05361963775627072,0.5056111511488255,0.0071665681032417,0.048257673980643644,True
scale_fraction,0.12,2001,0.0193085701299537,0.2115012281882884,0.012486348050274272,0.3711469026169799,0.05338146674892973,0.5423658702250692,0.00692508762703743,0.04804332007403676,True
scale_fraction,0.12,2002,0.09409521426647277,0.1992536114679687,0.004630411434705531,0.37225084371585926,0.07432715268525963,0.5348304019862578,0.01024308622928043,0.06689443741673366,True
scale_fraction,0.12,2003,0.038738935526955225,0.2223684420856328,0.0034811321958842763,0.38916541194123055,0.05609829104413986,0.5363332003221462,0.007424559838892786,0.05048846193972587,True
scale_fraction,0.12,2004,0.04527002544227626,0.21518833579986762,0.0007969358545412808,0.3654561354742864,0.06283184593426304,0.5560376386560845,0.007862379788573315,0.056548661340836734,True
scale_fraction,0.12,2005,0.00898420965619871,0.20821335397080476,0.00833753346734671,0.3702960393359839,0.04211044810885332,0.5205104640157241,0.008195110608713651,0.03789940329796799,True
scale_fraction,0.12,2006,0.011423328395160515,0.20398770132318506,0.0028840727891336934,0.3687360065635099,0.050475441407001206,0.5317582045602508,0.006041582828054481,0.04542789726630109,True
scale_fraction,0.12,2007,0.0888352529374307,0.1798453918767454,-0.0015526413040060363,0.3690040615042366,0.05738959236371879,0.5373155377462335,0.008680780402893417,0.05165063312734691,True
scale_fraction,0.12,2008,0.0632533197622961,0.23028213903387104,0.014018971472769525,0.3793262759693006,0.04158478090236665,0.5083755211771995,0.006543370905932866,0.03742630281212998,True
scale_fraction,0.12,2009,0.016584174517271073,0.24266155910251208,-0.00019647350930528172,0.38418865595601415,0.05168514617108811,0.5523078007531707,0.008243843996428746,0.046516631553979296,True
scale_fraction,0.12,2010,0.03797792482151494,0.20364521470044797,0.004994093612899443,0.3673223155293499,0.06221435895358061,0.5216469991862004,0.009995497094483396,0.055992923058222545,True
scale_fraction,0.12,2011,0.12580261667367174,0.211195171367265,-0.0017105601310559305,0.3858894613073734,0.05242676508659986,0.5170900355975858,0.00965009652623371,0.047184088577939876,True
scale_fraction,0.12,2012,0.07313602282688073,0.23168002233959586,0.0050957768888937865,0.37220563085946445,0.04516401146480961,0.5337181845229783,0.00972781054233116,0.040647610318328656,True
scale_fraction,0.12,2013,0.08913559919212395,0.2207503932066797,0.0017964990659463098,0.385610994057568,0.05150094144886673,0.512230549481616,0.007567592715269256,0.04635084730398006,True
scale_fraction,0.12,2014,0.03171068747468866,0.22746021097269822,0.004491406558186087,0.3805633107268263,0.05524132332662147,0.54121798134279,0.007911487138215167,0.04971719099395932,True
scale_fraction,0.12,2015,0.051212152012988836,0.22001413686283336,0.012921615538376362,0.38230900761702036,0.055451890527303475,0.5491755697240205,0.010414814802679606,0.04990670147457313,True
scale_fraction,0.12,2016,0.01741550296041258,0.2084189030762298,-0.000409648783590178,0.37076279266029893,0.05880221337690975,0.5187785825619088,0.009113168477761325,0.05292199203921878,True
scale_fraction,0.12,2017,0.13085275260124604,0.2439010064659864,0.002998995076782059,0.38334191129269624,0.042571373506268405,0.5228782888123512,0.00842900741484236,0.038314236155641564,True
scale_fraction,0.12,2018,0.06114739620439522,0.23586888257507618,0.010424645135435425,0.37526855327308895,0.05555417183755787,0.5415807475980765,0.00857548366147678,0.04999875465380208,True
scale_fraction,0.12,2019,0.10449759203969011,0.21256007116802347,-0.0014625940494019838,0.370148202943692,0.03962133951411471,0.5227254084510126,0.005288199526450899,0.03565920556270324,True
dist_std,0.8,2000,0.07485774207918389,0.230025809593415,0.0053823891776667125,0.383097219592178,0.04979174033696626,0.5056111511488255,0.007838358032921322,0.04481256630326964,True
dist_std,0.8,2001,0.006816914401527355,0.22543524223053135,-0.0009979711503303066,0.38537662502578107,0.064698821523795,0.5423658702250692,0.010503395382033742,0.0582289393714155,True
dist_std,0.8,2002,0.09261162359401945,0.2224979607756119,-0.004915247385460959,0.3760006110822301,0.058781402713450275,0.5348304019862578,0.008518020703838503,0.05290326244210525,True
dist_std,0.8,2003,0.12278660454497786,0.22147941098720117,0.00040886872698279883,0.38647215777706123,0.061125715994364976,0.5363332003221462,0.009062566648449155,0.05501314439492848,True
dist_std,0.8,2004,0.05949915802881387,0.22066064924726833,0.0026343195221628156,0.36525240597340836,0.06716415602474479,0.5560376386560845,0.006228643872502637,0.060447740422270316,True
dist_std,0.8,2005,0.009770093950773329,0.18794625951553917,0.007063342182414927,0.36275908895932885,0.048935420387835375,0.5205104640157241,0.008373574760792247,0.044041878349051836,True
dist_std,0.8,2006,0.04292273483421067,0.1841064523638397,-0.0022494235180324194,0.36723003245150304,0.04413969869428872,0.5317582045602508,0.004796673017036679,0.03972572882485985,True
dist_std,0.8,2007,0.07907832400456263,0.22797045930632012,4.846019818360214e-05,0.3752629461953329,0.04563340541239432,0.5373155377462335,0.008504910560436563,0.04107006487115489,True
dist_std,0.8,2008,0.07505112129358517,0.2175785600804781,-0.002435144455949834,0.3778021230111143,0.04758342595229788,0.5083755211771995,0.008416480390211834,0.04282508335706809,True
dist_std,0.8,2009,0.03169032296876506,0.2393077554748414,0.003646893661749842,0.38350058010140164,0.05297779407272615,0.5523078007531707,0.006831201859711778,0.04768001466545354,True
dist_std,0.8,2010,0.0823103145737206,0.19834014280336038,0.0027464939763208215,0.3637637061849217,0.04815226254501495,0.5216469991862004,0.008553396507074717,0.043337036290513456,True
dist_std,0.8,2011,0.1094040074142836,0.20951882463403612,0.0023993216764903904,0.385692976980188,0.057063959160897466,0.5170900355975858,0.009346779711999797,0.051357563244807725,True
dist_std,0.8,2012,0.05432165669081905,0.2197686439483118,0.0073027645634905075,0.3798291413132143,0.07550685081191846,0.5337181845229783,0.010033083603192838,0.06795616573072662,True
dist_std,0.8,2013,0.06676901959531202,0.23583592070079296,-0.0036625473434008546,0.3872401799302741,0.04113807614917651,0.512230549481616,0.008744888534364337,0.03702426853425886,True
dist_std,0.8,2014,0.1291499411212541,0.24980929250078446,0.00330102607882288,0.38938918975451736,0.046396625797415554,0.54121798134279,0.009307600681247563,0.041756963217674,True
dist_std,0.8,2015,0.0923761290725137,0.22709452168225766,-0.0009179529696385295,0.38499993663402543,0.044557418706431165,0.5491755697240205,0.00965160552419304,0.040101676835788046,True
dist_std,0.8,2016,0.04019875164347887,0.20830492840289486,0.0005751848224865037,0.3692224921160536,0.06780176100072116,0.5187785825619088,0.00848606866080539,0.06102158490064904,True
dist_std,0.8,2017,0.011271385952007822,0.2148997595238274,-0.0025598346457726844,0.3808912301604108,0.04840127545754827,0.5228782888123512,0.0061815719717393195,0.04356114791179344,True
dist_std,0.8,2018,0.08169457561767748,0.2553295505807198,0.007068115687891175,0.378439921449066,0.0447683514776554,0.5415807475980765,0.008293907406135692,0.04029151632988986,True
dist_std,0.8,2019,0.11980821355180037,0.2114483587497288,-0.0021413691589286014,0.3845953090586264,0.052907984020933094,0.5227254084510126,0.006485241312332635,0.047617185618839784,True
dist_std,1.6,2000,0.08117678236150053,0.22578761542095038,0.006237304010351992,0.38337436344062253,0.04979174033696626,0.5056111511488255,0.007579853651832047,0.04481256630326964,True
dist_std,1.6,2001,0.0020721111986470465,0.223756105570513,-0.0015455526701457197,0.38212122251687114,0.064698821523795,0.5423658702250692,0.009484698656797986,0.0582289393714155,True
dist_std,1.6,2002,0.06370641031563025,0.2242789375285096,-0.00497901450618387,0.36904679025824,0.060614181136449966,0.5348304019862578,0.0078170614452998,0.05455276302280497,True
dist_std,1.6,2003,0.11055519969096632,0.22330544530915694,0.0008367416395239905,0.3819555428578679,0.061125715994364976,0.5363332003221462,0.00910155363311016,0.05501314439492848,True
dist_std,1.6,2004,0.03212753300125672,0.22637111592543316,0.004139600487104233,0.3652180095950381,0.06283184593426304,0.5560376386560845,0.0062658089552630305,0.056548661340836734,True
dist_std,1.6,2005,0.01051601458070822,0.18721083760434556,0.007016291086109163,0.3628793055984775,0.048935420387835375,0.5205104640157241,0.008462965456764625,0.044041878349051836,True
dist_std,1.6,2006,0.04466659765979638,0.18459023103621286,-0.0017054535168514243,0.3667684748147321,0.043833580112726415,0.5317582045602508,0.004321940691582626,0.039450222101453776,True
dist_std,1.6,2007,0.06676675172407204,0.22982076755365516,0.0001863146312641532,0.374531650660398,0.04563340541239432,0.5373155377462335,0.008040778327325781,0.04107006487115489,True
dist_std,1.6,2008,0.06337638305681062,0.2144856775394573,-0.002170683747781284,0.3742730243136018,0.04758342595229788,0.5083755211771995,0.007886868924445966,0.04282508335706809,True
dist_std,1.6,2009,0.05836002136184809,0.23509747907804285,0.004172553664095396,0.3833031729139114,0.05297779407272615,0.5523078007531707,0.006712476713226101,0.04768001466545354,True
dist_std,1.6,2010,0.07496894845889131,0.20706094469580136,0.00285308593126136,0.36593423892978993,0.04815226254501495,0.5216469991862004,0.008598783043355951,0.043337036290513456,True
dist_std,1.6,2011,0.09163770932800938,0.20535239897058266,0.0027353287034124485,0.3837441405177777,0.057063959160897466,0.5170900355975858,0.009281260787338375,0.051357563244807725,True
dist_std,1.6,2012,0.03999780319063331,0.2172564988977267,0.006566197465837298,0.38033107046586945,0.07550685081191846,0.5337181845229783,0.008963490051673994,0.06795616573072662,True
dist_std,1.6,2013,0.05924566229786199,0.23543013451816336,-0.0031417884476051946,0.38343893658216754,0.04113807614917651,0.512230549481616,0.008816935002702997,0.03702426853425886,True
dist_std,1.6,2014,0.12496533219091155,0.2464777425863391,0.0032537047172398856,0.38969833036922547,0.04706080665921346,0.54121798134279,0.00957635011516762,0.04235472599329211,True
dist_std,1.6,2015,0.08641708295827119,0.2265517887448071,-0.0006604053751838046,0.3849909465520032,0.044557418706431165,0.5491755697240205,0.009743578176509126,0.040101676835788046,True
dist_std,1.6,2016,0.030484908629827542,0.2066764057797682,0.0015004320197930863,0.3682432069364979,0.06780176100072116,0.5187785825619088,0.008188806847584117,0.06102158490064904,True
dist_std,1.6,2017,0.01066447461171632,0.2189774293546117,-0.00216311239545819,0.3828711042632874,0.047630138077605834,0.5228782888123512,0.005931978952893125,0.04286712426984525,True
dist_std,1.6,2018,0.051581723757723144,0.23520156580275753,0.00504237909964963,0.3765775846201807,0.0447683514776554,0.5415807475980765,0.00824700394715755,0.04029151632988986,True
dist_std,1.6,2019,0.10254431958938512,0.21793033515307186,-0.001779895634286162,0.3835058063083527,0.052907984020933094,0.5227254084510126,0.006095810125871681,0.047617185618839784,True
dist_std,2.4,2000,0.09236443927382643,0.22326115543224717,0.005552622225585968,0.38144993500652963,0.04979174033696626,0.5056111511488255,0.007901058773483571,0.04481256630326964,True
dist_std,2.4,2001,2.084900149986008e-05,0.2306879212293995,-0.0006023585755999886,0.38085418015520306,0.064698821523795,0.5423658702250692,0.008602202521906289,0.0582289393714155,True
dist_std,2.4,2002,0.04240557090717636,0.20347358267110452,-0.003581471685790621,0.36592694530343284,0.060591762837018,0.5348304019862578,0.007283909662132082,0.0545325865533162,True
dist_std,2.4,2003,0.09136486372244303,0.22436472917086148,0.0012064586080526149,0.3795884004807645,0.061125715994364976,0.5363332003221462,0.009049552996623023,0.05501314439492848,True
dist_std,2.4,2004,0.0034523952981655942,0.20275407938785192,0.0030644295870780386,0.3788391835627432,0.057313787382502236,0.5560376386560845,0.006279683926546609,0.05158240864425201,True
dist_std,2.4,2005,0.010127720727582798,0.18854431418990938,0.007520444500759574,0.36476201463715735,0.048935420387835375,0.5205104640157241,0.008502067878287967,0.044041878349051836,True
dist_std,2.4,2006,0.04032586600976275,0.18162199532021273,-0.0008808223755007886,0.36605761939799153,0.042377744318654514,0.5317582045602508,0.004281733913658425,0.03813996988678906,True
dist_std,2.4,2007,0.057360983075882395,0.22770649746383143,0.0003068937910606644,0.37298927188809267,0.04563340541239432,0.5373155377462335,0.00770326316306943,0.04107006487115489,True
dist_std,2.4,2008,0.048514413758362004,0.21664161830441064,-0.0019368779718073503,0.3716233592235834,0.04758342595229788,0.5083755211771995,0.007418414352749081,0.04282508335706809,True
dist_std,2.4,2009,0.05616834473965597,0.23575050287470165,0.004078527082277209,0.38201069956056033,0.05297779407272615,0.5523078007531707,0.0068957604171028366,0.04768001466545354,True
dist_std,2.4,2010,0.05582298178619376,0.2111691223264162,0.0030200483235688627,0.3635638901274757,0.04815226254501495,0.5216469991862004,0.008518422167563577,0.043337036290513456,True
dist_std,2.4,2011,0.07716340883992075,0.20992637253541507,0.003372506202245221,0.38127780018944385,0.057063959160897466,0.5170900355975858,0.0090922345484038,0.051357563244807725,True
dist_std,2.4,2012,0.03426029740520085,0.21733519063753162,0.0070297034212698185,0.38041668721731275,0.07550685081191846,0.5337181845229783,0.008009056143248506,0.06795616573072662,True
dist_std,2.4,2013,0.04431938272648794,0.23416518808896497,-0.00305690894030784,0.37747635600837703,0.04113807614917651,0.512230549481616,0.008835211525429942,0.03702426853425886,True
dist_std,2.4,2014,0.10834767804214099,0.24464829831136092,0.002748830783385726,0.3876513286607723,0.04651107678928369,0.54121798134279,0.009723436919302575,0.04185996911035532,True
dist_std,2.4,2015,0.07501438913802476,0.2220667308745696,-0.00027741718458912785,0.3820860021421004,0.044557418706431165,0.5491755697240205,0.009494804166011894,0.040101676835788046,True
dist_std,2.4,2016,0.023482309859327002,0.21262847155544873,0.0005528544638655985,0.36705008709284503,0.06780176100072116,0.5187785825619088,0.007943924496488019,0.06102158490064904,True
dist_std,2.4,2017,0.011868824730650129,0.21711380592687549,-0.0022530044213388465,0.38352702576790476,0.04565993402868197,0.5228782888123512,0.005990889328888449,0.04109394062581377,True
dist_std,2.4,2018,0.045217938435048906,0.24320552753800515,0.004452751431091518,0.37711682783218436,0.0447683514776554,0.5415807475980765,0.008235001819592557,0.04029151632988986,True
dist_std,2.4,2019,0.09068741603940898,0.2126234060320516,-0.002982926077205648,0.38236214225243326,0.052907984020933094,0.5227254084510126,0.005294893376171406,0.047617185618839784,True
dist_std,3.2,2000,0.08775343196563143,0.22772930650824866,0.005766896045070999,0.38229050943640713,0.04979174033696626,0.5056111511488255,0.008054556417073089,0.04481256630326964,True
dist_std,3.2,2001,0.00035490738136906595,0.22598614510113155,-0.0009615231264479023,0.3800407406413345,0.064698821523795,0.5423658702250692,0.00793169950734669,0.0582289393714155,True
dist_std,3.2,2002,0.019247249503896096,0.18956271415479525,-0.0032353613324585546,0.36451350928025056,0.05939355532505559,0.5348304019862578,0.006972313394122886,0.053454199792550026,True
dist_std,3.2,2003,0.07510385397608474,0.2291652915228943,0.0007016428886379434,0.3786978047623959,0.061125715994364976,0.5363332003221462,0.008944695025997018,0.05501314439492848,True
dist_std,3.2,2004,0.006426654699176429,0.20779306496810085,0.002864847882837397,0.3734273665497492,0.05424055008417366,0.5560376386560845,0.006127514143950496,0.04881649507575629,True
dist_std,3.2,2005,0.009924004286358847,0.19720919635732245,0.006180415464183971,0.3656100693015258,0.048935420387835375,0.5205104640157241,0.008505972802356787,0.044041878349051836,True
dist_std,3.2,2006,0.03603683566781182,0.18069253635043142,-0.0017008320179286197,0.365043129326684,0.04032265940966287,0.5317582045602508,0.0044688009057200166,0.03629039346869658,True
dist_std,3.2,2007,0.049506518754231246,0.2292121860409071,-0.0005642073157440689,0.37286087789453276,0.04563340541239432,0.5373155377462335,0.007473463483038257,0.04107006487115489,True
dist_std,3.2,2008,0.033668728963865045,0.22082032359031398,-0.002816283220743275,0.37244878343251775,0.04758342595229788,0.5083755211771995,0.007047091562946939,0.04282508335706809,True
dist_std,3.2,2009,0.04686823022725506,0.23779059325444163,0.005313078702855811,0.3810911176482089,0.05297779407272615,0.5523078007531707,0.006993949774678676,0.04768001466545354,True
dist_std,3.2,2010,0.04163873914636758,0.21280352451027854,0.0031157005309247663,0.3624478863433552,0.04815226254501495,0.5216469991862004,0.00840254206295874,0.043337036290513456,True
dist_std,3.2,2011,0.05322469614799273,0.21241218734844847,0.0016567478226636614,0.38283126656300115,0.057063959160897466,0.5170900355975858,0.008864605613693777,0.051357563244807725,True
dist_std,3.2,2012,0.03104085957744217,0.21794403828249356,0.006928861089334568,0.38026606185485873,0.07550685081191846,0.5337181845229783,0.007544360875172207,0.06795616573072662,True
dist_std,3.2,2013,0.04051474624692111,0.236535020584227,-0.002879688034063412,0.375555265397508,0.04113807614917651,0.512230549481616,0.008823124541040606,0.03702426853425886,True
dist_std,3.2,2014,0.09473842385854357,0.24192450553046527,0.003937104585211974,0.3853492868491295,0.048361970721917176,0.54121798134279,0.009745204563557718,0.04352577364972546,True
dist_std,3.2,2015,0.05918961349979482,0.22473124053515325,-0.0003716871505147047,0.38007968115006624,0.044769944502920815,0.5491755697240205,0.009188542840797908,0.040292950052628736,True
dist_std,3.2,2016,0.01370344425426149,0.2072145628318689,0.0013476431334466083,0.36530061046528145,0.06780176100072116,0.5187785825619088,0.00774387290490699,0.06102158490064904,True
dist_std,3.2,2017,0.010122965113101366,0.21697467797154502,-0.0022639533746862325,0.3837491384746251,0.04370965041715911,0.5228782888123512,0.006028844625642416,0.0393386853754432,True
dist_std,3.2,2018,0.036348510806550854,0.2432263535740133,0.004651299484860326,0.3780658360235591,0.0447683514776554,0.5415807475980765,0.008340134442485502,0.04029151632988986,True
dist_std,3.2,2019,0.07745529654069346,0.21821647054328427,-0.002627982161180881,0.3802736682000416,0.052907984020933094,0.5227254084510126,0.005029635980422331,0.047617185618839784,True
